2026-04-07 19:02:34,512 - mmrotate - INFO - Environment info:
------------------------------------------------------------
sys.platform: win32
Python: 3.9.25 (main, Nov  3 2025, 22:44:01) [MSC v.1929 64 bit (AMD64)]
CUDA available: True
GPU 0: NVIDIA GeForce RTX 5060
CUDA_HOME: C:\Program Files\NVIDIA GPU Computing Toolkit\CUDA\v12.8
NVCC: Cuda compilation tools, release 12.8, V12.8.61
MSVC: 用于 x64 的 Microsoft (R) C/C++ 优化编译器 19.42.34444 版
GCC: n/a
PyTorch: 2.8.0+cu128
PyTorch compiling details: PyTorch built with:
  - C++ Version: 201703
  - MSVC 193833145
  - Intel(R) oneAPI Math Kernel Library Version 2025.2-Product Build 20250620 for Intel(R) 64 architecture applications
  - Intel(R) MKL-DNN v3.7.1 (Git Hash 8d263e693366ef8db40acc569cc7d8edf644556d)
  - OpenMP 2019
  - LAPACK is enabled (usually provided by MKL)
  - CPU capability usage: AVX2
  - CUDA Runtime 12.8
  - NVCC architecture flags: -gencode;arch=compute_61,code=sm_61;-gencode;arch=compute_70,code=sm_70;-gencode;arch=compute_75,code=sm_75;-gencode;arch=compute_80,code=sm_80;-gencode;arch=compute_86,code=sm_86;-gencode;arch=compute_90,code=sm_90;-gencode;arch=compute_100,code=sm_100;-gencode;arch=compute_120,code=sm_120
  - CuDNN 91.0.2  (built against CUDA 12.9)
  - Magma 2.5.4
  - Build settings: BLAS_INFO=mkl, BUILD_TYPE=Release, COMMIT_SHA=a1cb3cc05d46d198467bebbb6e8fba50a325d4e7, CUDA_VERSION=12.8, CUDNN_VERSION=9.10.2, CXX_COMPILER=C:/actions-runner/_work/pytorch/pytorch/pytorch/.ci/pytorch/windows/tmp_bin/sccache-cl.exe, CXX_FLAGS=/DWIN32 /D_WINDOWS /EHsc /Zc:__cplusplus /bigobj /FS /utf-8 -DUSE_PTHREADPOOL -DNDEBUG -DUSE_KINETO -DLIBKINETO_NOROCTRACER -DLIBKINETO_NOXPUPTI=ON -DUSE_FBGEMM -DUSE_XNNPACK -DSYMBOLICATE_MOBILE_DEBUG_HANDLE /wd4624 /wd4068 /wd4067 /wd4267 /wd4661 /wd4717 /wd4244 /wd4804 /wd4273, LAPACK_INFO=mkl, PERF_WITH_AVX=1, PERF_WITH_AVX2=1, TORCH_VERSION=2.8.0, USE_CUDA=ON, USE_CUDNN=ON, USE_CUSPARSELT=OFF, USE_GFLAGS=OFF, USE_GLOG=OFF, USE_GLOO=ON, USE_MKL=ON, USE_MKLDNN=ON, USE_MPI=OFF, USE_NCCL=OFF, USE_NNPACK=OFF, USE_OPENMP=ON, USE_ROCM=OFF, USE_ROCM_KERNEL_ASSERT=OFF, USE_XCCL=OFF, USE_XPU=OFF, 

TorchVision: 0.23.0+cu128
OpenCV: 4.13.0
MMCV: 1.7.2
MMCV Compiler: MSVC 194234444
MMCV CUDA Compiler: 12.8
MMRotate: 0.3.4+
------------------------------------------------------------

2026-04-07 19:02:35,031 - mmrotate - INFO - Distributed training: False
2026-04-07 19:02:35,500 - mmrotate - INFO - Config:
dataset_type = 'DOTADataset'
data_root = 'customize-dataset-workshop/data/split_ss_dotav1.4/'
img_norm_cfg = dict(
    mean=[123.675, 116.28, 103.53], std=[58.395, 57.12, 57.375], to_rgb=True)
train_pipeline = [
    dict(type='LoadImageFromFile'),
    dict(type='LoadAnnotations', with_bbox=True),
    dict(type='RResize', img_scale=(1024, 1024)),
    dict(
        type='RRandomFlip',
        flip_ratio=[0.25, 0.25, 0.25],
        direction=['horizontal', 'vertical', 'diagonal'],
        version='le90'),
    dict(
        type='Normalize',
        mean=[123.675, 116.28, 103.53],
        std=[58.395, 57.12, 57.375],
        to_rgb=True),
    dict(type='Pad', size_divisor=32),
    dict(type='DefaultFormatBundle'),
    dict(type='Collect', keys=['img', 'gt_bboxes', 'gt_labels'])
]
test_pipeline = [
    dict(type='LoadImageFromFile'),
    dict(
        type='MultiScaleFlipAug',
        img_scale=(1024, 1024),
        flip=False,
        transforms=[
            dict(type='RResize'),
            dict(
                type='Normalize',
                mean=[123.675, 116.28, 103.53],
                std=[58.395, 57.12, 57.375],
                to_rgb=True),
            dict(type='Pad', size_divisor=32),
            dict(type='DefaultFormatBundle'),
            dict(type='Collect', keys=['img'])
        ])
]
data = dict(
    samples_per_gpu=2,
    workers_per_gpu=0,
    train=dict(
        type='DOTADataset',
        ann_file=
        'customize-dataset-workshop/data/split_ss_dotav1.4/train/annfiles/',
        img_prefix=
        'customize-dataset-workshop/data/split_ss_dotav1.4/train/images/',
        pipeline=[
            dict(type='LoadImageFromFile'),
            dict(type='LoadAnnotations', with_bbox=True),
            dict(type='RResize', img_scale=(1024, 1024)),
            dict(
                type='RRandomFlip',
                flip_ratio=[0.25, 0.25, 0.25],
                direction=['horizontal', 'vertical', 'diagonal'],
                version='le90'),
            dict(
                type='Normalize',
                mean=[123.675, 116.28, 103.53],
                std=[58.395, 57.12, 57.375],
                to_rgb=True),
            dict(type='Pad', size_divisor=32),
            dict(type='DefaultFormatBundle'),
            dict(type='Collect', keys=['img', 'gt_bboxes', 'gt_labels'])
        ],
        version='le90',
        classes=('R0402', 'R0603', 'LED0603', 'R0804', 'R2512', 'CAP5053',
                 'LQFP7070', 'SOIC-8', 'SOT-23', 'TSSOP-20', 'LED0603Flip')),
    val=dict(
        type='DOTADataset',
        ann_file=
        'customize-dataset-workshop/data/split_ss_dotav1.4/val/annfiles/',
        img_prefix=
        'customize-dataset-workshop/data/split_ss_dotav1.4/val/images/',
        pipeline=[
            dict(type='LoadImageFromFile'),
            dict(
                type='MultiScaleFlipAug',
                img_scale=(1024, 1024),
                flip=False,
                transforms=[
                    dict(type='RResize'),
                    dict(
                        type='Normalize',
                        mean=[123.675, 116.28, 103.53],
                        std=[58.395, 57.12, 57.375],
                        to_rgb=True),
                    dict(type='Pad', size_divisor=32),
                    dict(type='DefaultFormatBundle'),
                    dict(type='Collect', keys=['img'])
                ])
        ],
        version='le90',
        classes=('R0402', 'R0603', 'LED0603', 'R0804', 'R2512', 'CAP5053',
                 'LQFP7070', 'SOIC-8', 'SOT-23', 'TSSOP-20', 'LED0603Flip')),
    test=dict(
        type='DOTADataset',
        ann_file=
        'customize-dataset-workshop/data/split_ss_dotav1.4/test/annfiles/',
        img_prefix=
        'customize-dataset-workshop/data/split_ss_dotav1.4/test/images/',
        pipeline=[
            dict(type='LoadImageFromFile'),
            dict(
                type='MultiScaleFlipAug',
                img_scale=(1024, 1024),
                flip=False,
                transforms=[
                    dict(type='RResize'),
                    dict(
                        type='Normalize',
                        mean=[123.675, 116.28, 103.53],
                        std=[58.395, 57.12, 57.375],
                        to_rgb=True),
                    dict(type='Pad', size_divisor=32),
                    dict(type='DefaultFormatBundle'),
                    dict(type='Collect', keys=['img'])
                ])
        ],
        version='le90',
        classes=('R0402', 'R0603', 'LED0603', 'R0804', 'R2512', 'CAP5053',
                 'LQFP7070', 'SOIC-8', 'SOT-23', 'TSSOP-20', 'LED0603Flip')))
evaluation = dict(interval=1, metric='mAP', iou_thr=0.7)
optimizer = dict(type='SGD', lr=0.005, momentum=0.9, weight_decay=0.0001)
optimizer_config = dict(grad_clip=dict(max_norm=35, norm_type=2))
lr_config = dict(
    policy='step',
    warmup='linear',
    warmup_iters=500,
    warmup_ratio=0.3333333333333333,
    step=[8, 11])
runner = dict(type='EpochBasedRunner', max_epochs=24)
checkpoint_config = dict(interval=2)
log_config = dict(interval=50, hooks=[dict(type='TextLoggerHook')])
dist_params = dict(backend='nccl')
log_level = 'INFO'
load_from = None
resume_from = None
workflow = [('train', 1), ('val', 1)]
opencv_num_threads = 0
mp_start_method = 'fork'
angle_version = 'le90'
model = dict(
    type='RoITransformer',
    backbone=dict(
        type='ResNet',
        depth=50,
        num_stages=4,
        out_indices=(0, 1, 2, 3),
        frozen_stages=1,
        norm_cfg=dict(type='BN', requires_grad=True),
        norm_eval=True,
        style='pytorch',
        init_cfg=dict(type='Pretrained', checkpoint='torchvision://resnet50')),
    neck=dict(
        type='FPN',
        in_channels=[256, 512, 1024, 2048],
        out_channels=256,
        num_outs=5),
    rpn_head=dict(
        type='RotatedRPNHead',
        in_channels=256,
        feat_channels=256,
        version='le90',
        anchor_generator=dict(
            type='AnchorGenerator',
            scales=[8],
            ratios=[0.5, 1.0, 2.0],
            strides=[4, 8, 16, 32, 64]),
        bbox_coder=dict(
            type='DeltaXYWHBBoxCoder',
            target_means=[0.0, 0.0, 0.0, 0.0],
            target_stds=[1.0, 1.0, 1.0, 1.0]),
        loss_cls=dict(
            type='CrossEntropyLoss', use_sigmoid=True, loss_weight=1.0),
        loss_bbox=dict(
            type='SmoothL1Loss', beta=0.1111111111111111, loss_weight=1.0)),
    roi_head=dict(
        type='RoITransRoIHead',
        version='le90',
        num_stages=2,
        stage_loss_weights=[1, 1],
        bbox_roi_extractor=[
            dict(
                type='SingleRoIExtractor',
                roi_layer=dict(
                    type='RoIAlign', output_size=7, sampling_ratio=0),
                out_channels=256,
                featmap_strides=[4, 8, 16, 32]),
            dict(
                type='RotatedSingleRoIExtractor',
                roi_layer=dict(
                    type='RoIAlignRotated',
                    out_size=7,
                    sample_num=2,
                    clockwise=True),
                out_channels=256,
                featmap_strides=[4, 8, 16, 32])
        ],
        bbox_head=[
            dict(
                type='RotatedShared2FCBBoxHead',
                in_channels=256,
                fc_out_channels=1024,
                roi_feat_size=7,
                num_classes=11,
                bbox_coder=dict(
                    type='DeltaXYWHAHBBoxCoder',
                    angle_range='le90',
                    norm_factor=2,
                    edge_swap=True,
                    target_means=[0.0, 0.0, 0.0, 0.0, 0.0],
                    target_stds=[0.1, 0.1, 0.2, 0.2, 1]),
                reg_class_agnostic=True,
                loss_cls=dict(
                    type='CrossEntropyLoss',
                    use_sigmoid=False,
                    loss_weight=1.0),
                loss_bbox=dict(type='SmoothL1Loss', beta=1.0,
                               loss_weight=1.0)),
            dict(
                type='RotatedShared2FCBBoxHead',
                in_channels=256,
                fc_out_channels=1024,
                roi_feat_size=7,
                num_classes=11,
                bbox_coder=dict(
                    type='DeltaXYWHAOBBoxCoder',
                    angle_range='le90',
                    norm_factor=None,
                    edge_swap=True,
                    proj_xy=True,
                    target_means=[0.0, 0.0, 0.0, 0.0, 0.0],
                    target_stds=[0.05, 0.05, 0.1, 0.1, 0.5]),
                reg_class_agnostic=False,
                loss_cls=dict(
                    type='CrossEntropyLoss',
                    use_sigmoid=False,
                    loss_weight=1.0),
                loss_bbox=dict(type='SmoothL1Loss', beta=1.0, loss_weight=1.0))
        ]),
    train_cfg=dict(
        rpn=dict(
            assigner=dict(
                type='MaxIoUAssigner',
                pos_iou_thr=0.7,
                neg_iou_thr=0.3,
                min_pos_iou=0.3,
                match_low_quality=True,
                ignore_iof_thr=-1),
            sampler=dict(
                type='RandomSampler',
                num=256,
                pos_fraction=0.5,
                neg_pos_ub=-1,
                add_gt_as_proposals=False),
            allowed_border=0,
            pos_weight=-1,
            debug=False),
        rpn_proposal=dict(
            nms_pre=2000,
            max_per_img=2000,
            nms=dict(type='nms', iou_threshold=0.7),
            min_bbox_size=0),
        rcnn=[
            dict(
                assigner=dict(
                    type='MaxIoUAssigner',
                    pos_iou_thr=0.5,
                    neg_iou_thr=0.5,
                    min_pos_iou=0.5,
                    match_low_quality=False,
                    ignore_iof_thr=-1,
                    iou_calculator=dict(type='BboxOverlaps2D')),
                sampler=dict(
                    type='RandomSampler',
                    num=512,
                    pos_fraction=0.25,
                    neg_pos_ub=-1,
                    add_gt_as_proposals=True),
                pos_weight=-1,
                debug=False),
            dict(
                assigner=dict(
                    type='MaxIoUAssigner',
                    pos_iou_thr=0.5,
                    neg_iou_thr=0.5,
                    min_pos_iou=0.5,
                    match_low_quality=False,
                    ignore_iof_thr=-1,
                    iou_calculator=dict(type='RBboxOverlaps2D')),
                sampler=dict(
                    type='RRandomSampler',
                    num=512,
                    pos_fraction=0.25,
                    neg_pos_ub=-1,
                    add_gt_as_proposals=True),
                pos_weight=-1,
                debug=False)
        ]),
    test_cfg=dict(
        rpn=dict(
            nms_pre=2000,
            max_per_img=2000,
            nms=dict(type='nms', iou_threshold=0.7),
            min_bbox_size=0),
        rcnn=dict(
            nms_pre=2000,
            min_bbox_size=0,
            score_thr=0.05,
            nms=dict(type='le90', iou_thr=0.1),
            max_per_img=2000)))
fp16 = dict(loss_scale='dynamic')
classes = ('R0402', 'R0603', 'LED0603', 'R0804', 'R2512', 'CAP5053',
           'LQFP7070', 'SOIC-8', 'SOT-23', 'TSSOP-20', 'LED0603Flip')
work_dir = 'customize-dataset-workshop/output/roi_trans_dotav2'
auto_resume = False
gpu_ids = range(0, 1)

2026-04-07 19:02:35,508 - mmrotate - INFO - Set random seed to 1900610493, deterministic: False
2026-04-07 19:02:36,734 - mmrotate - INFO - Start running, host: Jotham@DESKTOP-ROGB760, work_dir: D:\mmrotate-main\customize-dataset-workshop\output\roi_trans_dotav2
2026-04-07 19:02:36,734 - mmrotate - INFO - Hooks will be executed in the following order:
before_run:
(VERY_HIGH   ) StepLrUpdaterHook                  
(ABOVE_NORMAL) Fp16OptimizerHook                  
(NORMAL      ) CheckpointHook                     
(LOW         ) EvalHook                           
(VERY_LOW    ) TextLoggerHook                     
 -------------------- 
before_train_epoch:
(VERY_HIGH   ) StepLrUpdaterHook                  
(LOW         ) IterTimerHook                      
(LOW         ) EvalHook                           
(VERY_LOW    ) TextLoggerHook                     
 -------------------- 
before_train_iter:
(VERY_HIGH   ) StepLrUpdaterHook                  
(LOW         ) IterTimerHook                      
(LOW         ) EvalHook                           
 -------------------- 
after_train_iter:
(ABOVE_NORMAL) Fp16OptimizerHook                  
(NORMAL      ) CheckpointHook                     
(LOW         ) IterTimerHook                      
(LOW         ) EvalHook                           
(VERY_LOW    ) TextLoggerHook                     
 -------------------- 
after_train_epoch:
(NORMAL      ) CheckpointHook                     
(LOW         ) EvalHook                           
(VERY_LOW    ) TextLoggerHook                     
 -------------------- 
before_val_epoch:
(LOW         ) IterTimerHook                      
(VERY_LOW    ) TextLoggerHook                     
 -------------------- 
before_val_iter:
(LOW         ) IterTimerHook                      
 -------------------- 
after_val_iter:
(LOW         ) IterTimerHook                      
 -------------------- 
after_val_epoch:
(VERY_LOW    ) TextLoggerHook                     
 -------------------- 
after_run:
(VERY_LOW    ) TextLoggerHook                     
 -------------------- 
2026-04-07 19:02:36,736 - mmrotate - INFO - workflow: [('train', 1), ('val', 1)], max: 24 epochs
2026-04-07 19:02:36,736 - mmrotate - INFO - Checkpoints will be saved to D:\mmrotate-main\customize-dataset-workshop\output\roi_trans_dotav2 by HardDiskBackend.
2026-04-07 19:02:55,010 - mmrotate - INFO - Epoch [1][50/462]	lr: 1.993e-03, eta: 1:07:13, time: 0.365, data_time: 0.123, memory: 2326, loss_rpn_cls: 0.3777, loss_rpn_bbox: 0.0577, s0.loss_cls: 0.7690, s0.acc: 81.0488, s0.loss_bbox: 0.3224, s1.loss_cls: 0.6529, s1.acc: 83.6935, s1.loss_bbox: 0.4406, loss: 2.6203, grad_norm: inf
2026-04-07 19:03:09,586 - mmrotate - INFO - Epoch [1][100/462]	lr: 2.327e-03, eta: 1:00:09, time: 0.292, data_time: 0.084, memory: 2326, loss_rpn_cls: 0.1246, loss_rpn_bbox: 0.0416, s0.loss_cls: 0.4015, s0.acc: 86.9219, s0.loss_bbox: 0.3126, s1.loss_cls: 0.4545, s1.acc: 85.5631, s1.loss_bbox: 0.8708, loss: 2.2056, grad_norm: 9.3040
2026-04-07 19:03:24,049 - mmrotate - INFO - Epoch [1][150/462]	lr: 2.660e-03, eta: 0:57:29, time: 0.289, data_time: 0.084, memory: 2326, loss_rpn_cls: 0.0808, loss_rpn_bbox: 0.0374, s0.loss_cls: 0.3140, s0.acc: 89.2012, s0.loss_bbox: 0.2524, s1.loss_cls: 0.3707, s1.acc: 87.0619, s1.loss_bbox: 0.8824, loss: 1.9377, grad_norm: 11.2436
2026-04-07 19:03:38,475 - mmrotate - INFO - Epoch [1][200/462]	lr: 2.993e-03, eta: 0:56:00, time: 0.289, data_time: 0.084, memory: 2326, loss_rpn_cls: 0.0540, loss_rpn_bbox: 0.0310, s0.loss_cls: 0.2665, s0.acc: 90.5449, s0.loss_bbox: 0.2515, s1.loss_cls: 0.2492, s1.acc: 90.9847, s1.loss_bbox: 0.8008, loss: 1.6531, grad_norm: 8.5689
2026-04-07 19:03:52,888 - mmrotate - INFO - Epoch [1][250/462]	lr: 3.327e-03, eta: 0:55:01, time: 0.288, data_time: 0.083, memory: 2333, loss_rpn_cls: 0.0410, loss_rpn_bbox: 0.0338, s0.loss_cls: 0.2546, s0.acc: 90.5625, s0.loss_bbox: 0.2201, s1.loss_cls: 0.2241, s1.acc: 92.0492, s1.loss_bbox: 0.7551, loss: 1.5287, grad_norm: 8.5144
2026-04-07 19:04:07,451 - mmrotate - INFO - Epoch [1][300/462]	lr: 3.660e-03, eta: 0:54:21, time: 0.291, data_time: 0.085, memory: 2333, loss_rpn_cls: 0.0319, loss_rpn_bbox: 0.0343, s0.loss_cls: 0.2134, s0.acc: 92.2109, s0.loss_bbox: 0.1983, s1.loss_cls: 0.1887, s1.acc: 93.1853, s1.loss_bbox: 0.6402, loss: 1.3067, grad_norm: 8.3186
2026-04-07 19:04:21,993 - mmrotate - INFO - Epoch [1][350/462]	lr: 3.993e-03, eta: 0:53:49, time: 0.291, data_time: 0.082, memory: 2333, loss_rpn_cls: 0.0261, loss_rpn_bbox: 0.0242, s0.loss_cls: 0.1682, s0.acc: 93.7559, s0.loss_bbox: 0.1516, s1.loss_cls: 0.1407, s1.acc: 94.7688, s1.loss_bbox: 0.5143, loss: 1.0251, grad_norm: 6.5891
2026-04-07 19:04:36,685 - mmrotate - INFO - Epoch [1][400/462]	lr: 4.327e-03, eta: 0:53:24, time: 0.294, data_time: 0.084, memory: 2333, loss_rpn_cls: 0.0307, loss_rpn_bbox: 0.0302, s0.loss_cls: 0.1693, s0.acc: 93.7129, s0.loss_bbox: 0.1548, s1.loss_cls: 0.1388, s1.acc: 95.1023, s1.loss_bbox: 0.5521, loss: 1.0758, grad_norm: 6.2081
2026-04-07 19:04:51,117 - mmrotate - INFO - Epoch [1][450/462]	lr: 4.660e-03, eta: 0:52:56, time: 0.289, data_time: 0.083, memory: 2333, loss_rpn_cls: 0.0189, loss_rpn_bbox: 0.0196, s0.loss_cls: 0.1491, s0.acc: 94.5938, s0.loss_bbox: 0.1310, s1.loss_cls: 0.1371, s1.acc: 95.1437, s1.loss_bbox: 0.4700, loss: 0.9257, grad_norm: 5.9761
2026-04-07 19:05:16,123 - mmrotate - INFO - 
+-------------+-----+------+--------+-------+
| class       | gts | dets | recall | ap    |
+-------------+-----+------+--------+-------+
| R0402       | 366 | 418  | 0.519  | 0.408 |
| R0603       | 363 | 777  | 0.884  | 0.770 |
| LED0603     | 348 | 481  | 0.816  | 0.728 |
| R0804       | 771 | 1099 | 0.744  | 0.589 |
| R2512       | 93  | 165  | 0.903  | 0.878 |
| CAP5053     | 27  | 111  | 0.000  | 0.000 |
| LQFP7070    | 21  | 34   | 0.952  | 0.901 |
| SOIC-8      | 48  | 119  | 0.938  | 0.903 |
| SOT-23      | 57  | 75   | 0.614  | 0.436 |
| TSSOP-20    | 48  | 120  | 0.917  | 0.897 |
| LED0603Flip | 69  | 75   | 0.406  | 0.286 |
+-------------+-----+------+--------+-------+
| mAP         |     |      |        | 0.618 |
+-------------+-----+------+--------+-------+
2026-04-07 19:05:16,198 - mmrotate - INFO - Exp name: roi_trans_r50_fpn_fp16_1x_dota_le90_custom.py
2026-04-07 19:05:16,198 - mmrotate - INFO - Epoch(val) [1][177]	mAP: 0.6179
2026-04-07 19:05:33,866 - mmrotate - INFO - Exp name: roi_trans_r50_fpn_fp16_1x_dota_le90_custom.py
2026-04-07 19:05:33,866 - mmrotate - INFO - Epoch(val) [1][89]	loss_rpn_cls_val: 0.0226, loss_rpn_bbox_val: 0.0194, s0.loss_cls_val: 0.1471, s0.acc_val: 94.3513, s0.loss_bbox_val: 0.1429, s1.loss_cls_val: 0.1219, s1.acc_val: 95.7042, s1.loss_bbox_val: 0.5809, loss_val: 1.0348
2026-04-07 19:05:49,720 - mmrotate - INFO - Epoch [2][50/462]	lr: 5.000e-03, eta: 0:51:42, time: 0.317, data_time: 0.109, memory: 2333, loss_rpn_cls: 0.0188, loss_rpn_bbox: 0.0242, s0.loss_cls: 0.1403, s0.acc: 94.7598, s0.loss_bbox: 0.1249, s1.loss_cls: 0.1189, s1.acc: 95.8016, s1.loss_bbox: 0.4375, loss: 0.8646, grad_norm: 5.1985
2026-04-07 19:06:03,449 - mmrotate - INFO - Epoch [2][100/462]	lr: 5.000e-03, eta: 0:51:10, time: 0.275, data_time: 0.068, memory: 2333, loss_rpn_cls: 0.0168, loss_rpn_bbox: 0.0238, s0.loss_cls: 0.1179, s0.acc: 95.5684, s0.loss_bbox: 0.1259, s1.loss_cls: 0.0994, s1.acc: 96.4679, s1.loss_bbox: 0.4323, loss: 0.8161, grad_norm: 4.9740
2026-04-07 19:06:17,376 - mmrotate - INFO - Epoch [2][150/462]	lr: 5.000e-03, eta: 0:50:44, time: 0.279, data_time: 0.071, memory: 2333, loss_rpn_cls: 0.0203, loss_rpn_bbox: 0.0265, s0.loss_cls: 0.1149, s0.acc: 95.5801, s0.loss_bbox: 0.1101, s1.loss_cls: 0.0970, s1.acc: 96.3697, s1.loss_bbox: 0.3917, loss: 0.7605, grad_norm: 4.5384
2026-04-07 19:06:31,221 - mmrotate - INFO - Epoch [2][200/462]	lr: 5.000e-03, eta: 0:50:19, time: 0.277, data_time: 0.069, memory: 2336, loss_rpn_cls: 0.0122, loss_rpn_bbox: 0.0170, s0.loss_cls: 0.0968, s0.acc: 96.2910, s0.loss_bbox: 0.1061, s1.loss_cls: 0.0830, s1.acc: 96.8804, s1.loss_bbox: 0.3689, loss: 0.6841, grad_norm: 4.5629
2026-04-07 19:06:45,004 - mmrotate - INFO - Epoch [2][250/462]	lr: 5.000e-03, eta: 0:49:54, time: 0.276, data_time: 0.068, memory: 2336, loss_rpn_cls: 0.0116, loss_rpn_bbox: 0.0162, s0.loss_cls: 0.0954, s0.acc: 96.2617, s0.loss_bbox: 0.1013, s1.loss_cls: 0.0742, s1.acc: 97.3040, s1.loss_bbox: 0.3410, loss: 0.6397, grad_norm: 4.2878
2026-04-07 19:06:58,584 - mmrotate - INFO - Epoch [2][300/462]	lr: 5.000e-03, eta: 0:49:28, time: 0.272, data_time: 0.068, memory: 2336, loss_rpn_cls: 0.0125, loss_rpn_bbox: 0.0159, s0.loss_cls: 0.0930, s0.acc: 96.4727, s0.loss_bbox: 0.0958, s1.loss_cls: 0.0834, s1.acc: 96.9120, s1.loss_bbox: 0.3453, loss: 0.6459, grad_norm: 4.3675
2026-04-07 19:07:12,263 - mmrotate - INFO - Epoch [2][350/462]	lr: 5.000e-03, eta: 0:49:05, time: 0.274, data_time: 0.068, memory: 2336, loss_rpn_cls: 0.0094, loss_rpn_bbox: 0.0132, s0.loss_cls: 0.0802, s0.acc: 96.8359, s0.loss_bbox: 0.0831, s1.loss_cls: 0.0722, s1.acc: 97.3773, s1.loss_bbox: 0.3019, loss: 0.5601, grad_norm: 3.7429
2026-04-07 19:07:25,907 - mmrotate - INFO - Epoch [2][400/462]	lr: 5.000e-03, eta: 0:48:43, time: 0.273, data_time: 0.069, memory: 2336, loss_rpn_cls: 0.0076, loss_rpn_bbox: 0.0118, s0.loss_cls: 0.0746, s0.acc: 97.1758, s0.loss_bbox: 0.0808, s1.loss_cls: 0.0614, s1.acc: 97.7057, s1.loss_bbox: 0.2688, loss: 0.5049, grad_norm: 3.6443
2026-04-07 19:07:39,533 - mmrotate - INFO - Epoch [2][450/462]	lr: 5.000e-03, eta: 0:48:21, time: 0.273, data_time: 0.069, memory: 2336, loss_rpn_cls: 0.0091, loss_rpn_bbox: 0.0127, s0.loss_cls: 0.0867, s0.acc: 96.6758, s0.loss_bbox: 0.0781, s1.loss_cls: 0.0641, s1.acc: 97.5867, s1.loss_bbox: 0.2770, loss: 0.5278, grad_norm: 3.4643
2026-04-07 19:07:42,834 - mmrotate - INFO - Saving checkpoint at 2 epochs
2026-04-07 19:08:04,050 - mmrotate - INFO - 
+-------------+-----+------+--------+-------+
| class       | gts | dets | recall | ap    |
+-------------+-----+------+--------+-------+
| R0402       | 366 | 439  | 0.754  | 0.689 |
| R0603       | 363 | 402  | 0.934  | 0.877 |
| LED0603     | 348 | 445  | 0.957  | 0.886 |
| R0804       | 771 | 1081 | 0.863  | 0.732 |
| R2512       | 93  | 139  | 0.925  | 0.892 |
| CAP5053     | 27  | 37   | 0.963  | 0.875 |
| LQFP7070    | 21  | 24   | 1.000  | 0.989 |
| SOIC-8      | 48  | 82   | 0.938  | 0.868 |
| SOT-23      | 57  | 138  | 0.772  | 0.622 |
| TSSOP-20    | 48  | 79   | 0.979  | 0.903 |
| LED0603Flip | 69  | 69   | 0.870  | 0.715 |
+-------------+-----+------+--------+-------+
| mAP         |     |      |        | 0.822 |
+-------------+-----+------+--------+-------+
2026-04-07 19:08:04,128 - mmrotate - INFO - Exp name: roi_trans_r50_fpn_fp16_1x_dota_le90_custom.py
2026-04-07 19:08:04,128 - mmrotate - INFO - Epoch(val) [2][177]	mAP: 0.8225
2026-04-07 19:08:21,237 - mmrotate - INFO - Exp name: roi_trans_r50_fpn_fp16_1x_dota_le90_custom.py
2026-04-07 19:08:21,237 - mmrotate - INFO - Epoch(val) [2][89]	loss_rpn_cls_val: 0.0110, loss_rpn_bbox_val: 0.0154, s0.loss_cls_val: 0.0959, s0.acc_val: 96.2935, s0.loss_bbox_val: 0.0913, s1.loss_cls_val: 0.0768, s1.acc_val: 97.0801, s1.loss_bbox_val: 0.3210, loss_val: 0.6114
2026-04-07 19:08:37,114 - mmrotate - INFO - Epoch [3][50/462]	lr: 5.000e-03, eta: 0:47:44, time: 0.317, data_time: 0.108, memory: 2336, loss_rpn_cls: 0.0079, loss_rpn_bbox: 0.0128, s0.loss_cls: 0.0783, s0.acc: 96.9980, s0.loss_bbox: 0.0764, s1.loss_cls: 0.0606, s1.acc: 97.6970, s1.loss_bbox: 0.2769, loss: 0.5128, grad_norm: 3.6010
2026-04-07 19:08:50,990 - mmrotate - INFO - Epoch [3][100/462]	lr: 5.000e-03, eta: 0:47:27, time: 0.277, data_time: 0.069, memory: 2336, loss_rpn_cls: 0.0079, loss_rpn_bbox: 0.0139, s0.loss_cls: 0.0859, s0.acc: 96.6387, s0.loss_bbox: 0.0840, s1.loss_cls: 0.0747, s1.acc: 97.1901, s1.loss_bbox: 0.3026, loss: 0.5690, grad_norm: 4.0368
2026-04-07 19:09:04,728 - mmrotate - INFO - Epoch [3][150/462]	lr: 5.000e-03, eta: 0:47:09, time: 0.275, data_time: 0.069, memory: 2336, loss_rpn_cls: 0.0092, loss_rpn_bbox: 0.0155, s0.loss_cls: 0.0867, s0.acc: 96.6641, s0.loss_bbox: 0.0882, s1.loss_cls: 0.0717, s1.acc: 97.4160, s1.loss_bbox: 0.3045, loss: 0.5757, grad_norm: 3.9946
2026-04-07 19:09:18,373 - mmrotate - INFO - Epoch [3][200/462]	lr: 5.000e-03, eta: 0:46:51, time: 0.273, data_time: 0.067, memory: 2336, loss_rpn_cls: 0.0073, loss_rpn_bbox: 0.0105, s0.loss_cls: 0.0716, s0.acc: 97.2559, s0.loss_bbox: 0.0679, s1.loss_cls: 0.0564, s1.acc: 97.9309, s1.loss_bbox: 0.2414, loss: 0.4552, grad_norm: 3.1216
2026-04-07 19:09:32,138 - mmrotate - INFO - Epoch [3][250/462]	lr: 5.000e-03, eta: 0:46:34, time: 0.275, data_time: 0.068, memory: 2336, loss_rpn_cls: 0.0055, loss_rpn_bbox: 0.0094, s0.loss_cls: 0.0683, s0.acc: 97.3613, s0.loss_bbox: 0.0580, s1.loss_cls: 0.0539, s1.acc: 97.9819, s1.loss_bbox: 0.2332, loss: 0.4283, grad_norm: 3.1485
2026-04-07 19:09:45,833 - mmrotate - INFO - Epoch [3][300/462]	lr: 5.000e-03, eta: 0:46:17, time: 0.274, data_time: 0.068, memory: 2336, loss_rpn_cls: 0.0061, loss_rpn_bbox: 0.0099, s0.loss_cls: 0.0683, s0.acc: 97.3770, s0.loss_bbox: 0.0682, s1.loss_cls: 0.0583, s1.acc: 97.7668, s1.loss_bbox: 0.2594, loss: 0.4702, grad_norm: 3.5344
2026-04-07 19:09:59,658 - mmrotate - INFO - Epoch [3][350/462]	lr: 5.000e-03, eta: 0:46:01, time: 0.276, data_time: 0.070, memory: 2336, loss_rpn_cls: 0.0061, loss_rpn_bbox: 0.0133, s0.loss_cls: 0.0805, s0.acc: 96.8730, s0.loss_bbox: 0.0670, s1.loss_cls: 0.0636, s1.acc: 97.7336, s1.loss_bbox: 0.2729, loss: 0.5035, grad_norm: 3.4708
2026-04-07 19:10:13,351 - mmrotate - INFO - Epoch [3][400/462]	lr: 5.000e-03, eta: 0:45:44, time: 0.274, data_time: 0.069, memory: 2336, loss_rpn_cls: 0.0063, loss_rpn_bbox: 0.0122, s0.loss_cls: 0.0704, s0.acc: 97.2402, s0.loss_bbox: 0.0705, s1.loss_cls: 0.0555, s1.acc: 97.8249, s1.loss_bbox: 0.2505, loss: 0.4654, grad_norm: 3.6021
2026-04-07 19:10:27,131 - mmrotate - INFO - Epoch [3][450/462]	lr: 5.000e-03, eta: 0:45:28, time: 0.276, data_time: 0.069, memory: 2336, loss_rpn_cls: 0.0076, loss_rpn_bbox: 0.0127, s0.loss_cls: 0.0709, s0.acc: 97.3047, s0.loss_bbox: 0.0726, s1.loss_cls: 0.0604, s1.acc: 97.7889, s1.loss_bbox: 0.2477, loss: 0.4719, grad_norm: 3.4238
2026-04-07 19:10:50,251 - mmrotate - INFO - 
+-------------+-----+------+--------+-------+
| class       | gts | dets | recall | ap    |
+-------------+-----+------+--------+-------+
| R0402       | 366 | 404  | 0.795  | 0.686 |
| R0603       | 363 | 396  | 0.967  | 0.898 |
| LED0603     | 348 | 479  | 0.960  | 0.888 |
| R0804       | 771 | 925  | 0.888  | 0.750 |
| R2512       | 93  | 120  | 0.903  | 0.879 |
| CAP5053     | 27  | 52   | 1.000  | 1.000 |
| LQFP7070    | 21  | 28   | 1.000  | 1.000 |
| SOIC-8      | 48  | 98   | 0.917  | 0.850 |
| SOT-23      | 57  | 74   | 0.877  | 0.801 |
| TSSOP-20    | 48  | 59   | 1.000  | 1.000 |
| LED0603Flip | 69  | 69   | 0.870  | 0.745 |
+-------------+-----+------+--------+-------+
| mAP         |     |      |        | 0.863 |
+-------------+-----+------+--------+-------+
2026-04-07 19:10:50,334 - mmrotate - INFO - Exp name: roi_trans_r50_fpn_fp16_1x_dota_le90_custom.py
2026-04-07 19:10:50,334 - mmrotate - INFO - Epoch(val) [3][177]	mAP: 0.8634
2026-04-07 19:11:07,728 - mmrotate - INFO - Exp name: roi_trans_r50_fpn_fp16_1x_dota_le90_custom.py
2026-04-07 19:11:07,728 - mmrotate - INFO - Epoch(val) [3][89]	loss_rpn_cls_val: 0.0099, loss_rpn_bbox_val: 0.0149, s0.loss_cls_val: 0.0812, s0.acc_val: 96.7620, s0.loss_bbox_val: 0.0832, s1.loss_cls_val: 0.0616, s1.acc_val: 97.7518, s1.loss_bbox_val: 0.2748, loss_val: 0.5256
2026-04-07 19:11:23,713 - mmrotate - INFO - Epoch [4][50/462]	lr: 5.000e-03, eta: 0:45:01, time: 0.319, data_time: 0.110, memory: 2336, loss_rpn_cls: 0.0059, loss_rpn_bbox: 0.0181, s0.loss_cls: 0.0640, s0.acc: 97.4238, s0.loss_bbox: 0.0600, s1.loss_cls: 0.0457, s1.acc: 98.2168, s1.loss_bbox: 0.2282, loss: 0.4219, grad_norm: 3.1736
2026-04-07 19:11:37,518 - mmrotate - INFO - Epoch [4][100/462]	lr: 5.000e-03, eta: 0:44:45, time: 0.276, data_time: 0.071, memory: 2336, loss_rpn_cls: 0.0064, loss_rpn_bbox: 0.0096, s0.loss_cls: 0.0736, s0.acc: 97.2715, s0.loss_bbox: 0.0557, s1.loss_cls: 0.0545, s1.acc: 97.9382, s1.loss_bbox: 0.2300, loss: 0.4297, grad_norm: 2.9702
2026-04-07 19:11:51,383 - mmrotate - INFO - Epoch [4][150/462]	lr: 5.000e-03, eta: 0:44:31, time: 0.277, data_time: 0.070, memory: 2336, loss_rpn_cls: 0.0044, loss_rpn_bbox: 0.0092, s0.loss_cls: 0.0773, s0.acc: 97.3789, s0.loss_bbox: 0.0567, s1.loss_cls: 0.0511, s1.acc: 98.0624, s1.loss_bbox: 0.2324, loss: 0.4310, grad_norm: 3.0593
2026-04-07 19:12:05,361 - mmrotate - INFO - Epoch [4][200/462]	lr: 5.000e-03, eta: 0:44:17, time: 0.280, data_time: 0.072, memory: 2336, loss_rpn_cls: 0.0042, loss_rpn_bbox: 0.0103, s0.loss_cls: 0.0681, s0.acc: 97.3418, s0.loss_bbox: 0.0672, s1.loss_cls: 0.0529, s1.acc: 97.9613, s1.loss_bbox: 0.2241, loss: 0.4268, grad_norm: 3.1142
2026-04-07 19:12:19,311 - mmrotate - INFO - Epoch [4][250/462]	lr: 5.000e-03, eta: 0:44:03, time: 0.279, data_time: 0.072, memory: 2336, loss_rpn_cls: 0.0044, loss_rpn_bbox: 0.0108, s0.loss_cls: 0.0594, s0.acc: 97.6758, s0.loss_bbox: 0.0517, s1.loss_cls: 0.0429, s1.acc: 98.4463, s1.loss_bbox: 0.1875, loss: 0.3569, grad_norm: 2.7963
2026-04-07 19:12:33,187 - mmrotate - INFO - Epoch [4][300/462]	lr: 5.000e-03, eta: 0:43:48, time: 0.278, data_time: 0.070, memory: 2336, loss_rpn_cls: 0.0050, loss_rpn_bbox: 0.0122, s0.loss_cls: 0.0661, s0.acc: 97.3398, s0.loss_bbox: 0.0577, s1.loss_cls: 0.0445, s1.acc: 98.2916, s1.loss_bbox: 0.2443, loss: 0.4297, grad_norm: 3.1645
2026-04-07 19:12:46,942 - mmrotate - INFO - Epoch [4][350/462]	lr: 5.000e-03, eta: 0:43:33, time: 0.275, data_time: 0.069, memory: 2336, loss_rpn_cls: 0.0048, loss_rpn_bbox: 0.0120, s0.loss_cls: 0.0542, s0.acc: 97.8379, s0.loss_bbox: 0.0466, s1.loss_cls: 0.0367, s1.acc: 98.6600, s1.loss_bbox: 0.1901, loss: 0.3444, grad_norm: 2.6054
2026-04-07 19:13:00,722 - mmrotate - INFO - Epoch [4][400/462]	lr: 5.000e-03, eta: 0:43:18, time: 0.276, data_time: 0.069, memory: 2336, loss_rpn_cls: 0.0049, loss_rpn_bbox: 0.0091, s0.loss_cls: 0.0582, s0.acc: 97.7812, s0.loss_bbox: 0.0492, s1.loss_cls: 0.0442, s1.acc: 98.3812, s1.loss_bbox: 0.1913, loss: 0.3569, grad_norm: 2.9711
2026-04-07 19:13:14,560 - mmrotate - INFO - Epoch [4][450/462]	lr: 5.000e-03, eta: 0:43:03, time: 0.277, data_time: 0.069, memory: 2336, loss_rpn_cls: 0.0041, loss_rpn_bbox: 0.0078, s0.loss_cls: 0.0543, s0.acc: 97.8320, s0.loss_bbox: 0.0426, s1.loss_cls: 0.0390, s1.acc: 98.5111, s1.loss_bbox: 0.1793, loss: 0.3272, grad_norm: 2.5075
2026-04-07 19:13:17,871 - mmrotate - INFO - Saving checkpoint at 4 epochs
2026-04-07 19:13:39,130 - mmrotate - INFO - 
+-------------+-----+------+--------+-------+
| class       | gts | dets | recall | ap    |
+-------------+-----+------+--------+-------+
| R0402       | 366 | 400  | 0.872  | 0.805 |
| R0603       | 363 | 389  | 0.934  | 0.871 |
| LED0603     | 348 | 379  | 0.977  | 0.899 |
| R0804       | 771 | 814  | 0.969  | 0.889 |
| R2512       | 93  | 108  | 1.000  | 1.000 |
| CAP5053     | 27  | 28   | 1.000  | 1.000 |
| LQFP7070    | 21  | 27   | 0.952  | 0.897 |
| SOIC-8      | 48  | 69   | 0.938  | 0.852 |
| SOT-23      | 57  | 59   | 0.842  | 0.745 |
| TSSOP-20    | 48  | 59   | 1.000  | 1.000 |
| LED0603Flip | 69  | 69   | 0.942  | 0.872 |
+-------------+-----+------+--------+-------+
| mAP         |     |      |        | 0.894 |
+-------------+-----+------+--------+-------+
2026-04-07 19:13:39,207 - mmrotate - INFO - Exp name: roi_trans_r50_fpn_fp16_1x_dota_le90_custom.py
2026-04-07 19:13:39,207 - mmrotate - INFO - Epoch(val) [4][177]	mAP: 0.8937
2026-04-07 19:13:56,305 - mmrotate - INFO - Exp name: roi_trans_r50_fpn_fp16_1x_dota_le90_custom.py
2026-04-07 19:13:56,305 - mmrotate - INFO - Epoch(val) [4][89]	loss_rpn_cls_val: 0.0086, loss_rpn_bbox_val: 0.0094, s0.loss_cls_val: 0.0703, s0.acc_val: 97.1647, s0.loss_bbox_val: 0.0614, s1.loss_cls_val: 0.0502, s1.acc_val: 98.1192, s1.loss_bbox_val: 0.2438, loss_val: 0.4438
2026-04-07 19:14:11,913 - mmrotate - INFO - Epoch [5][50/462]	lr: 5.000e-03, eta: 0:42:38, time: 0.312, data_time: 0.107, memory: 2336, loss_rpn_cls: 0.0037, loss_rpn_bbox: 0.0084, s0.loss_cls: 0.0603, s0.acc: 97.5996, s0.loss_bbox: 0.0538, s1.loss_cls: 0.0449, s1.acc: 98.2705, s1.loss_bbox: 0.2105, loss: 0.3815, grad_norm: 3.1508
2026-04-07 19:14:25,515 - mmrotate - INFO - Epoch [5][100/462]	lr: 5.000e-03, eta: 0:42:22, time: 0.272, data_time: 0.067, memory: 2336, loss_rpn_cls: 0.0042, loss_rpn_bbox: 0.0074, s0.loss_cls: 0.0544, s0.acc: 97.8828, s0.loss_bbox: 0.0456, s1.loss_cls: 0.0401, s1.acc: 98.4692, s1.loss_bbox: 0.1986, loss: 0.3504, grad_norm: 2.6787
2026-04-07 19:14:39,074 - mmrotate - INFO - Epoch [5][150/462]	lr: 5.000e-03, eta: 0:42:07, time: 0.271, data_time: 0.067, memory: 2336, loss_rpn_cls: 0.0036, loss_rpn_bbox: 0.0068, s0.loss_cls: 0.0539, s0.acc: 97.8281, s0.loss_bbox: 0.0442, s1.loss_cls: 0.0383, s1.acc: 98.5803, s1.loss_bbox: 0.1755, loss: 0.3223, grad_norm: 2.6954
2026-04-07 19:14:52,678 - mmrotate - INFO - Epoch [5][200/462]	lr: 5.000e-03, eta: 0:41:51, time: 0.272, data_time: 0.069, memory: 2336, loss_rpn_cls: 0.0029, loss_rpn_bbox: 0.0060, s0.loss_cls: 0.0520, s0.acc: 97.8926, s0.loss_bbox: 0.0450, s1.loss_cls: 0.0367, s1.acc: 98.5732, s1.loss_bbox: 0.1742, loss: 0.3168, grad_norm: 2.6126
2026-04-07 19:15:06,206 - mmrotate - INFO - Epoch [5][250/462]	lr: 5.000e-03, eta: 0:41:36, time: 0.271, data_time: 0.066, memory: 2336, loss_rpn_cls: 0.0037, loss_rpn_bbox: 0.0085, s0.loss_cls: 0.0556, s0.acc: 97.8086, s0.loss_bbox: 0.0488, s1.loss_cls: 0.0389, s1.acc: 98.5287, s1.loss_bbox: 0.1995, loss: 0.3549, grad_norm: 2.6961
2026-04-07 19:15:19,976 - mmrotate - INFO - Epoch [5][300/462]	lr: 5.000e-03, eta: 0:41:22, time: 0.275, data_time: 0.068, memory: 2336, loss_rpn_cls: 0.0034, loss_rpn_bbox: 0.0113, s0.loss_cls: 0.0529, s0.acc: 97.9258, s0.loss_bbox: 0.0423, s1.loss_cls: 0.0390, s1.acc: 98.4969, s1.loss_bbox: 0.1880, loss: 0.3368, grad_norm: 2.8137
2026-04-07 19:15:33,678 - mmrotate - INFO - Epoch [5][350/462]	lr: 5.000e-03, eta: 0:41:07, time: 0.274, data_time: 0.067, memory: 2336, loss_rpn_cls: 0.0036, loss_rpn_bbox: 0.0092, s0.loss_cls: 0.0497, s0.acc: 98.0215, s0.loss_bbox: 0.0406, s1.loss_cls: 0.0328, s1.acc: 98.7120, s1.loss_bbox: 0.1690, loss: 0.3049, grad_norm: 2.5301
2026-04-07 19:15:47,336 - mmrotate - INFO - Epoch [5][400/462]	lr: 5.000e-03, eta: 0:40:52, time: 0.273, data_time: 0.068, memory: 2336, loss_rpn_cls: 0.0033, loss_rpn_bbox: 0.0073, s0.loss_cls: 0.0551, s0.acc: 97.7832, s0.loss_bbox: 0.0476, s1.loss_cls: 0.0370, s1.acc: 98.6357, s1.loss_bbox: 0.1866, loss: 0.3369, grad_norm: 3.0638
2026-04-07 19:16:01,093 - mmrotate - INFO - Epoch [5][450/462]	lr: 5.000e-03, eta: 0:40:38, time: 0.275, data_time: 0.068, memory: 2336, loss_rpn_cls: 0.0034, loss_rpn_bbox: 0.0090, s0.loss_cls: 0.0571, s0.acc: 97.8574, s0.loss_bbox: 0.0499, s1.loss_cls: 0.0362, s1.acc: 98.6299, s1.loss_bbox: 0.1913, loss: 0.3468, grad_norm: 3.0649
2026-04-07 19:16:24,243 - mmrotate - INFO - 
+-------------+-----+------+--------+-------+
| class       | gts | dets | recall | ap    |
+-------------+-----+------+--------+-------+
| R0402       | 366 | 401  | 0.828  | 0.755 |
| R0603       | 363 | 385  | 0.978  | 0.902 |
| LED0603     | 348 | 411  | 0.977  | 0.903 |
| R0804       | 771 | 855  | 0.957  | 0.888 |
| R2512       | 93  | 110  | 0.978  | 0.895 |
| CAP5053     | 27  | 28   | 1.000  | 1.000 |
| LQFP7070    | 21  | 30   | 1.000  | 0.984 |
| SOIC-8      | 48  | 62   | 1.000  | 1.000 |
| SOT-23      | 57  | 61   | 0.947  | 0.897 |
| TSSOP-20    | 48  | 66   | 1.000  | 1.000 |
| LED0603Flip | 69  | 69   | 1.000  | 1.000 |
+-------------+-----+------+--------+-------+
| mAP         |     |      |        | 0.929 |
+-------------+-----+------+--------+-------+
2026-04-07 19:16:24,321 - mmrotate - INFO - Exp name: roi_trans_r50_fpn_fp16_1x_dota_le90_custom.py
2026-04-07 19:16:24,321 - mmrotate - INFO - Epoch(val) [5][177]	mAP: 0.9295
2026-04-07 19:16:41,927 - mmrotate - INFO - Exp name: roi_trans_r50_fpn_fp16_1x_dota_le90_custom.py
2026-04-07 19:16:41,927 - mmrotate - INFO - Epoch(val) [5][89]	loss_rpn_cls_val: 0.0096, loss_rpn_bbox_val: 0.0232, s0.loss_cls_val: 0.0712, s0.acc_val: 97.1219, s0.loss_bbox_val: 0.0605, s1.loss_cls_val: 0.0476, s1.acc_val: 98.2122, s1.loss_bbox_val: 0.2163, loss_val: 0.4284
2026-04-07 19:16:57,847 - mmrotate - INFO - Epoch [6][50/462]	lr: 5.000e-03, eta: 0:40:16, time: 0.318, data_time: 0.112, memory: 2336, loss_rpn_cls: 0.0038, loss_rpn_bbox: 0.0072, s0.loss_cls: 0.0445, s0.acc: 98.2090, s0.loss_bbox: 0.0385, s1.loss_cls: 0.0326, s1.acc: 98.7426, s1.loss_bbox: 0.1536, loss: 0.2802, grad_norm: 2.5107
2026-04-07 19:17:11,664 - mmrotate - INFO - Epoch [6][100/462]	lr: 5.000e-03, eta: 0:40:02, time: 0.276, data_time: 0.072, memory: 2336, loss_rpn_cls: 0.0031, loss_rpn_bbox: 0.0077, s0.loss_cls: 0.0505, s0.acc: 97.9238, s0.loss_bbox: 0.0358, s1.loss_cls: 0.0325, s1.acc: 98.8177, s1.loss_bbox: 0.1496, loss: 0.2792, grad_norm: 2.4494
2026-04-07 19:17:25,411 - mmrotate - INFO - Epoch [6][150/462]	lr: 5.000e-03, eta: 0:39:48, time: 0.275, data_time: 0.069, memory: 2336, loss_rpn_cls: 0.0038, loss_rpn_bbox: 0.0097, s0.loss_cls: 0.0560, s0.acc: 97.8223, s0.loss_bbox: 0.0422, s1.loss_cls: 0.0410, s1.acc: 98.4325, s1.loss_bbox: 0.1757, loss: 0.3284, grad_norm: 3.0554
2026-04-07 19:17:39,255 - mmrotate - INFO - Epoch [6][200/462]	lr: 5.000e-03, eta: 0:39:34, time: 0.277, data_time: 0.070, memory: 2336, loss_rpn_cls: 0.0035, loss_rpn_bbox: 0.0075, s0.loss_cls: 0.0526, s0.acc: 97.9082, s0.loss_bbox: 0.0427, s1.loss_cls: 0.0352, s1.acc: 98.5885, s1.loss_bbox: 0.1729, loss: 0.3144, grad_norm: 2.7032
2026-04-07 19:17:53,056 - mmrotate - INFO - Epoch [6][250/462]	lr: 5.000e-03, eta: 0:39:20, time: 0.276, data_time: 0.070, memory: 2336, loss_rpn_cls: 0.0027, loss_rpn_bbox: 0.0058, s0.loss_cls: 0.0509, s0.acc: 97.9453, s0.loss_bbox: 0.0407, s1.loss_cls: 0.0321, s1.acc: 98.8024, s1.loss_bbox: 0.1620, loss: 0.2943, grad_norm: 2.6610
2026-04-07 19:18:06,785 - mmrotate - INFO - Epoch [6][300/462]	lr: 5.000e-03, eta: 0:39:06, time: 0.275, data_time: 0.069, memory: 2336, loss_rpn_cls: 0.0035, loss_rpn_bbox: 0.0062, s0.loss_cls: 0.0517, s0.acc: 97.9102, s0.loss_bbox: 0.0370, s1.loss_cls: 0.0366, s1.acc: 98.5708, s1.loss_bbox: 0.1670, loss: 0.3019, grad_norm: 2.5657
2026-04-07 19:18:20,567 - mmrotate - INFO - Epoch [6][350/462]	lr: 5.000e-03, eta: 0:38:52, time: 0.276, data_time: 0.069, memory: 2336, loss_rpn_cls: 0.0026, loss_rpn_bbox: 0.0066, s0.loss_cls: 0.0514, s0.acc: 97.9316, s0.loss_bbox: 0.0387, s1.loss_cls: 0.0313, s1.acc: 98.7974, s1.loss_bbox: 0.1689, loss: 0.2994, grad_norm: 2.4804
2026-04-07 19:18:34,369 - mmrotate - INFO - Epoch [6][400/462]	lr: 5.000e-03, eta: 0:38:38, time: 0.276, data_time: 0.070, memory: 2336, loss_rpn_cls: 0.0028, loss_rpn_bbox: 0.0079, s0.loss_cls: 0.0506, s0.acc: 97.9688, s0.loss_bbox: 0.0390, s1.loss_cls: 0.0313, s1.acc: 98.8393, s1.loss_bbox: 0.1530, loss: 0.2846, grad_norm: 2.4942
2026-04-07 19:18:48,120 - mmrotate - INFO - Epoch [6][450/462]	lr: 5.000e-03, eta: 0:38:24, time: 0.275, data_time: 0.070, memory: 2336, loss_rpn_cls: 0.0026, loss_rpn_bbox: 0.0056, s0.loss_cls: 0.0475, s0.acc: 98.0996, s0.loss_bbox: 0.0322, s1.loss_cls: 0.0291, s1.acc: 98.8568, s1.loss_bbox: 0.1565, loss: 0.2735, grad_norm: 2.4431
2026-04-07 19:18:51,486 - mmrotate - INFO - Saving checkpoint at 6 epochs
2026-04-07 19:19:13,039 - mmrotate - INFO - 
+-------------+-----+------+--------+-------+
| class       | gts | dets | recall | ap    |
+-------------+-----+------+--------+-------+
| R0402       | 366 | 395  | 0.880  | 0.788 |
| R0603       | 363 | 394  | 0.981  | 0.903 |
| LED0603     | 348 | 368  | 0.974  | 0.902 |
| R0804       | 771 | 802  | 0.971  | 0.894 |
| R2512       | 93  | 103  | 0.989  | 0.905 |
| CAP5053     | 27  | 27   | 1.000  | 1.000 |
| LQFP7070    | 21  | 24   | 1.000  | 0.984 |
| SOIC-8      | 48  | 57   | 0.938  | 0.869 |
| SOT-23      | 57  | 58   | 0.877  | 0.764 |
| TSSOP-20    | 48  | 56   | 1.000  | 1.000 |
| LED0603Flip | 69  | 69   | 1.000  | 1.000 |
+-------------+-----+------+--------+-------+
| mAP         |     |      |        | 0.910 |
+-------------+-----+------+--------+-------+
2026-04-07 19:19:13,115 - mmrotate - INFO - Exp name: roi_trans_r50_fpn_fp16_1x_dota_le90_custom.py
2026-04-07 19:19:13,115 - mmrotate - INFO - Epoch(val) [6][177]	mAP: 0.9100
2026-04-07 19:19:30,301 - mmrotate - INFO - Exp name: roi_trans_r50_fpn_fp16_1x_dota_le90_custom.py
2026-04-07 19:19:30,301 - mmrotate - INFO - Epoch(val) [6][89]	loss_rpn_cls_val: 0.0109, loss_rpn_bbox_val: 0.0084, s0.loss_cls_val: 0.0596, s0.acc_val: 97.6573, s0.loss_bbox_val: 0.0513, s1.loss_cls_val: 0.0397, s1.acc_val: 98.5012, s1.loss_bbox_val: 0.1941, loss_val: 0.3640
2026-04-07 19:19:46,150 - mmrotate - INFO - Epoch [7][50/462]	lr: 5.000e-03, eta: 0:38:03, time: 0.317, data_time: 0.110, memory: 2336, loss_rpn_cls: 0.0025, loss_rpn_bbox: 0.0061, s0.loss_cls: 0.0478, s0.acc: 98.1035, s0.loss_bbox: 0.0354, s1.loss_cls: 0.0313, s1.acc: 98.8079, s1.loss_bbox: 0.1477, loss: 0.2708, grad_norm: 2.4596
2026-04-07 19:19:59,946 - mmrotate - INFO - Epoch [7][100/462]	lr: 5.000e-03, eta: 0:37:49, time: 0.276, data_time: 0.070, memory: 2336, loss_rpn_cls: 0.0025, loss_rpn_bbox: 0.0096, s0.loss_cls: 0.0495, s0.acc: 97.9922, s0.loss_bbox: 0.0421, s1.loss_cls: 0.0289, s1.acc: 98.8884, s1.loss_bbox: 0.1577, loss: 0.2903, grad_norm: 2.7349
2026-04-07 19:20:13,629 - mmrotate - INFO - Epoch [7][150/462]	lr: 5.000e-03, eta: 0:37:35, time: 0.274, data_time: 0.069, memory: 2336, loss_rpn_cls: 0.0033, loss_rpn_bbox: 0.0077, s0.loss_cls: 0.0471, s0.acc: 98.0801, s0.loss_bbox: 0.0455, s1.loss_cls: 0.0267, s1.acc: 98.9970, s1.loss_bbox: 0.1447, loss: 0.2751, grad_norm: 2.6023
2026-04-07 19:20:27,495 - mmrotate - INFO - Epoch [7][200/462]	lr: 5.000e-03, eta: 0:37:21, time: 0.277, data_time: 0.072, memory: 2336, loss_rpn_cls: 0.0026, loss_rpn_bbox: 0.0064, s0.loss_cls: 0.0476, s0.acc: 98.1289, s0.loss_bbox: 0.0325, s1.loss_cls: 0.0336, s1.acc: 98.6642, s1.loss_bbox: 0.1467, loss: 0.2693, grad_norm: 2.5938
2026-04-07 19:20:41,311 - mmrotate - INFO - Epoch [7][250/462]	lr: 5.000e-03, eta: 0:37:07, time: 0.276, data_time: 0.071, memory: 2336, loss_rpn_cls: 0.0039, loss_rpn_bbox: 0.0058, s0.loss_cls: 0.0464, s0.acc: 98.2266, s0.loss_bbox: 0.0319, s1.loss_cls: 0.0335, s1.acc: 98.7627, s1.loss_bbox: 0.1429, loss: 0.2645, grad_norm: 2.6772
2026-04-07 19:20:55,098 - mmrotate - INFO - Epoch [7][300/462]	lr: 5.000e-03, eta: 0:36:53, time: 0.276, data_time: 0.070, memory: 2336, loss_rpn_cls: 0.0027, loss_rpn_bbox: 0.0073, s0.loss_cls: 0.0462, s0.acc: 98.1055, s0.loss_bbox: 0.0429, s1.loss_cls: 0.0315, s1.acc: 98.7443, s1.loss_bbox: 0.1530, loss: 0.2835, grad_norm: 2.7808
2026-04-07 19:21:08,915 - mmrotate - INFO - Epoch [7][350/462]	lr: 5.000e-03, eta: 0:36:40, time: 0.276, data_time: 0.071, memory: 2336, loss_rpn_cls: 0.0023, loss_rpn_bbox: 0.0071, s0.loss_cls: 0.0462, s0.acc: 98.1699, s0.loss_bbox: 0.0386, s1.loss_cls: 0.0270, s1.acc: 98.8964, s1.loss_bbox: 0.1432, loss: 0.2645, grad_norm: 2.4921
2026-04-07 19:21:22,691 - mmrotate - INFO - Epoch [7][400/462]	lr: 5.000e-03, eta: 0:36:26, time: 0.276, data_time: 0.069, memory: 2336, loss_rpn_cls: 0.0023, loss_rpn_bbox: 0.0062, s0.loss_cls: 0.0443, s0.acc: 98.1777, s0.loss_bbox: 0.0300, s1.loss_cls: 0.0289, s1.acc: 98.8613, s1.loss_bbox: 0.1386, loss: 0.2503, grad_norm: 2.3516
2026-04-07 19:21:36,482 - mmrotate - INFO - Epoch [7][450/462]	lr: 5.000e-03, eta: 0:36:12, time: 0.276, data_time: 0.071, memory: 2336, loss_rpn_cls: 0.0016, loss_rpn_bbox: 0.0056, s0.loss_cls: 0.0417, s0.acc: 98.3320, s0.loss_bbox: 0.0290, s1.loss_cls: 0.0244, s1.acc: 99.0431, s1.loss_bbox: 0.1372, loss: 0.2395, grad_norm: 2.2283
2026-04-07 19:21:59,740 - mmrotate - INFO - 
+-------------+-----+------+--------+-------+
| class       | gts | dets | recall | ap    |
+-------------+-----+------+--------+-------+
| R0402       | 366 | 389  | 0.891  | 0.801 |
| R0603       | 363 | 393  | 0.983  | 0.904 |
| LED0603     | 348 | 365  | 0.977  | 0.900 |
| R0804       | 771 | 793  | 0.952  | 0.879 |
| R2512       | 93  | 104  | 1.000  | 1.000 |
| CAP5053     | 27  | 27   | 1.000  | 1.000 |
| LQFP7070    | 21  | 29   | 0.952  | 0.900 |
| SOIC-8      | 48  | 58   | 0.979  | 0.900 |
| SOT-23      | 57  | 60   | 0.895  | 0.779 |
| TSSOP-20    | 48  | 56   | 1.000  | 1.000 |
| LED0603Flip | 69  | 69   | 0.942  | 0.893 |
+-------------+-----+------+--------+-------+
| mAP         |     |      |        | 0.905 |
+-------------+-----+------+--------+-------+
2026-04-07 19:21:59,820 - mmrotate - INFO - Exp name: roi_trans_r50_fpn_fp16_1x_dota_le90_custom.py
2026-04-07 19:21:59,821 - mmrotate - INFO - Epoch(val) [7][177]	mAP: 0.9051
2026-04-07 19:22:17,292 - mmrotate - INFO - Exp name: roi_trans_r50_fpn_fp16_1x_dota_le90_custom.py
2026-04-07 19:22:17,293 - mmrotate - INFO - Epoch(val) [7][89]	loss_rpn_cls_val: 0.0078, loss_rpn_bbox_val: 0.0100, s0.loss_cls_val: 0.0568, s0.acc_val: 97.8077, s0.loss_bbox_val: 0.0477, s1.loss_cls_val: 0.0392, s1.acc_val: 98.5556, s1.loss_bbox_val: 0.1801, loss_val: 0.3416
2026-04-07 19:22:33,249 - mmrotate - INFO - Epoch [8][50/462]	lr: 5.000e-03, eta: 0:35:52, time: 0.319, data_time: 0.113, memory: 2336, loss_rpn_cls: 0.0020, loss_rpn_bbox: 0.0045, s0.loss_cls: 0.0397, s0.acc: 98.3672, s0.loss_bbox: 0.0278, s1.loss_cls: 0.0243, s1.acc: 99.0561, s1.loss_bbox: 0.1237, loss: 0.2220, grad_norm: 2.1392
2026-04-07 19:22:47,135 - mmrotate - INFO - Epoch [8][100/462]	lr: 5.000e-03, eta: 0:35:38, time: 0.278, data_time: 0.071, memory: 2336, loss_rpn_cls: 0.0026, loss_rpn_bbox: 0.0061, s0.loss_cls: 0.0436, s0.acc: 98.2539, s0.loss_bbox: 0.0341, s1.loss_cls: 0.0265, s1.acc: 98.9730, s1.loss_bbox: 0.1452, loss: 0.2581, grad_norm: 2.5150
2026-04-07 19:23:00,965 - mmrotate - INFO - Epoch [8][150/462]	lr: 5.000e-03, eta: 0:35:25, time: 0.277, data_time: 0.069, memory: 2336, loss_rpn_cls: 0.0037, loss_rpn_bbox: 0.0087, s0.loss_cls: 0.0551, s0.acc: 97.7793, s0.loss_bbox: 0.0364, s1.loss_cls: 0.0320, s1.acc: 98.7795, s1.loss_bbox: 0.1594, loss: 0.2953, grad_norm: 2.6541
2026-04-07 19:23:14,775 - mmrotate - INFO - Epoch [8][200/462]	lr: 5.000e-03, eta: 0:35:11, time: 0.276, data_time: 0.070, memory: 2336, loss_rpn_cls: 0.0025, loss_rpn_bbox: 0.0053, s0.loss_cls: 0.0396, s0.acc: 98.4570, s0.loss_bbox: 0.0249, s1.loss_cls: 0.0283, s1.acc: 98.9036, s1.loss_bbox: 0.1216, loss: 0.2223, grad_norm: 2.2100
2026-04-07 19:23:28,674 - mmrotate - INFO - Epoch [8][250/462]	lr: 5.000e-03, eta: 0:34:57, time: 0.278, data_time: 0.071, memory: 2336, loss_rpn_cls: 0.0028, loss_rpn_bbox: 0.0049, s0.loss_cls: 0.0414, s0.acc: 98.3750, s0.loss_bbox: 0.0283, s1.loss_cls: 0.0241, s1.acc: 99.0986, s1.loss_bbox: 0.1285, loss: 0.2300, grad_norm: 2.2248
2026-04-07 19:23:42,619 - mmrotate - INFO - Epoch [8][300/462]	lr: 5.000e-03, eta: 0:34:44, time: 0.279, data_time: 0.071, memory: 2336, loss_rpn_cls: 0.0023, loss_rpn_bbox: 0.0050, s0.loss_cls: 0.0411, s0.acc: 98.2656, s0.loss_bbox: 0.0274, s1.loss_cls: 0.0226, s1.acc: 99.1102, s1.loss_bbox: 0.1111, loss: 0.2095, grad_norm: 2.2820
2026-04-07 19:23:56,502 - mmrotate - INFO - Epoch [8][350/462]	lr: 5.000e-03, eta: 0:34:30, time: 0.278, data_time: 0.072, memory: 2336, loss_rpn_cls: 0.0022, loss_rpn_bbox: 0.0054, s0.loss_cls: 0.0413, s0.acc: 98.3750, s0.loss_bbox: 0.0329, s1.loss_cls: 0.0251, s1.acc: 99.0050, s1.loss_bbox: 0.1378, loss: 0.2448, grad_norm: 2.4857
2026-04-07 19:24:10,356 - mmrotate - INFO - Epoch [8][400/462]	lr: 5.000e-03, eta: 0:34:17, time: 0.277, data_time: 0.071, memory: 2336, loss_rpn_cls: 0.0021, loss_rpn_bbox: 0.0070, s0.loss_cls: 0.0405, s0.acc: 98.3320, s0.loss_bbox: 0.0369, s1.loss_cls: 0.0237, s1.acc: 99.0779, s1.loss_bbox: 0.1406, loss: 0.2509, grad_norm: 2.6796
2026-04-07 19:24:24,233 - mmrotate - INFO - Epoch [8][450/462]	lr: 5.000e-03, eta: 0:34:03, time: 0.278, data_time: 0.071, memory: 2336, loss_rpn_cls: 0.0026, loss_rpn_bbox: 0.0061, s0.loss_cls: 0.0462, s0.acc: 98.1562, s0.loss_bbox: 0.0298, s1.loss_cls: 0.0259, s1.acc: 99.0248, s1.loss_bbox: 0.1378, loss: 0.2484, grad_norm: 2.4174
2026-04-07 19:24:27,590 - mmrotate - INFO - Saving checkpoint at 8 epochs
2026-04-07 19:24:49,113 - mmrotate - INFO - 
+-------------+-----+------+--------+-------+
| class       | gts | dets | recall | ap    |
+-------------+-----+------+--------+-------+
| R0402       | 366 | 385  | 0.874  | 0.793 |
| R0603       | 363 | 400  | 0.975  | 0.904 |
| LED0603     | 348 | 369  | 0.977  | 0.890 |
| R0804       | 771 | 809  | 0.987  | 0.902 |
| R2512       | 93  | 102  | 0.978  | 0.906 |
| CAP5053     | 27  | 27   | 1.000  | 1.000 |
| LQFP7070    | 21  | 32   | 1.000  | 0.988 |
| SOIC-8      | 48  | 55   | 1.000  | 1.000 |
| SOT-23      | 57  | 58   | 0.947  | 0.909 |
| TSSOP-20    | 48  | 56   | 1.000  | 1.000 |
| LED0603Flip | 69  | 69   | 0.942  | 0.888 |
+-------------+-----+------+--------+-------+
| mAP         |     |      |        | 0.926 |
+-------------+-----+------+--------+-------+
2026-04-07 19:24:49,191 - mmrotate - INFO - Exp name: roi_trans_r50_fpn_fp16_1x_dota_le90_custom.py
2026-04-07 19:24:49,192 - mmrotate - INFO - Epoch(val) [8][177]	mAP: 0.9256
2026-04-07 19:25:06,352 - mmrotate - INFO - Exp name: roi_trans_r50_fpn_fp16_1x_dota_le90_custom.py
2026-04-07 19:25:06,352 - mmrotate - INFO - Epoch(val) [8][89]	loss_rpn_cls_val: 0.0086, loss_rpn_bbox_val: 0.0083, s0.loss_cls_val: 0.0556, s0.acc_val: 97.8033, s0.loss_bbox_val: 0.0473, s1.loss_cls_val: 0.0379, s1.acc_val: 98.6404, s1.loss_bbox_val: 0.1836, loss_val: 0.3413
2026-04-07 19:25:22,084 - mmrotate - INFO - Epoch [9][50/462]	lr: 5.000e-04, eta: 0:33:43, time: 0.314, data_time: 0.108, memory: 2336, loss_rpn_cls: 0.0023, loss_rpn_bbox: 0.0032, s0.loss_cls: 0.0326, s0.acc: 98.6211, s0.loss_bbox: 0.0194, s1.loss_cls: 0.0194, s1.acc: 99.2196, s1.loss_bbox: 0.0917, loss: 0.1686, grad_norm: 1.7712
2026-04-07 19:25:35,848 - mmrotate - INFO - Epoch [9][100/462]	lr: 5.000e-04, eta: 0:33:29, time: 0.275, data_time: 0.069, memory: 2336, loss_rpn_cls: 0.0020, loss_rpn_bbox: 0.0043, s0.loss_cls: 0.0391, s0.acc: 98.4277, s0.loss_bbox: 0.0216, s1.loss_cls: 0.0222, s1.acc: 99.1545, s1.loss_bbox: 0.1132, loss: 0.2025, grad_norm: 1.7646
2026-04-07 19:25:49,604 - mmrotate - INFO - Epoch [9][150/462]	lr: 5.000e-04, eta: 0:33:16, time: 0.275, data_time: 0.070, memory: 2336, loss_rpn_cls: 0.0026, loss_rpn_bbox: 0.0033, s0.loss_cls: 0.0351, s0.acc: 98.5898, s0.loss_bbox: 0.0191, s1.loss_cls: 0.0229, s1.acc: 99.0759, s1.loss_bbox: 0.1041, loss: 0.1871, grad_norm: 1.8616
2026-04-07 19:26:03,343 - mmrotate - INFO - Epoch [9][200/462]	lr: 5.000e-04, eta: 0:33:02, time: 0.275, data_time: 0.069, memory: 2336, loss_rpn_cls: 0.0016, loss_rpn_bbox: 0.0037, s0.loss_cls: 0.0371, s0.acc: 98.5488, s0.loss_bbox: 0.0219, s1.loss_cls: 0.0223, s1.acc: 99.1593, s1.loss_bbox: 0.1042, loss: 0.1908, grad_norm: 1.6961
2026-04-07 19:26:17,103 - mmrotate - INFO - Epoch [9][250/462]	lr: 5.000e-04, eta: 0:32:48, time: 0.275, data_time: 0.070, memory: 2336, loss_rpn_cls: 0.0016, loss_rpn_bbox: 0.0037, s0.loss_cls: 0.0398, s0.acc: 98.4336, s0.loss_bbox: 0.0220, s1.loss_cls: 0.0218, s1.acc: 99.1251, s1.loss_bbox: 0.1096, loss: 0.1984, grad_norm: 1.7703
2026-04-07 19:26:30,848 - mmrotate - INFO - Epoch [9][300/462]	lr: 5.000e-04, eta: 0:32:34, time: 0.275, data_time: 0.069, memory: 2336, loss_rpn_cls: 0.0015, loss_rpn_bbox: 0.0031, s0.loss_cls: 0.0321, s0.acc: 98.7344, s0.loss_bbox: 0.0166, s1.loss_cls: 0.0177, s1.acc: 99.2968, s1.loss_bbox: 0.0965, loss: 0.1675, grad_norm: 1.6025
2026-04-07 19:26:44,761 - mmrotate - INFO - Epoch [9][350/462]	lr: 5.000e-04, eta: 0:32:20, time: 0.278, data_time: 0.071, memory: 2336, loss_rpn_cls: 0.0014, loss_rpn_bbox: 0.0033, s0.loss_cls: 0.0350, s0.acc: 98.6289, s0.loss_bbox: 0.0186, s1.loss_cls: 0.0204, s1.acc: 99.2049, s1.loss_bbox: 0.1030, loss: 0.1816, grad_norm: 1.6717
2026-04-07 19:26:58,485 - mmrotate - INFO - Epoch [9][400/462]	lr: 5.000e-04, eta: 0:32:07, time: 0.275, data_time: 0.070, memory: 2336, loss_rpn_cls: 0.0014, loss_rpn_bbox: 0.0040, s0.loss_cls: 0.0372, s0.acc: 98.5059, s0.loss_bbox: 0.0196, s1.loss_cls: 0.0216, s1.acc: 99.1377, s1.loss_bbox: 0.1112, loss: 0.1950, grad_norm: 1.6723
2026-04-07 19:27:12,199 - mmrotate - INFO - Epoch [9][450/462]	lr: 5.000e-04, eta: 0:31:53, time: 0.274, data_time: 0.069, memory: 2336, loss_rpn_cls: 0.0017, loss_rpn_bbox: 0.0042, s0.loss_cls: 0.0387, s0.acc: 98.4746, s0.loss_bbox: 0.0236, s1.loss_cls: 0.0221, s1.acc: 99.1079, s1.loss_bbox: 0.1140, loss: 0.2042, grad_norm: 1.8679
2026-04-07 19:27:35,451 - mmrotate - INFO - 
+-------------+-----+------+--------+-------+
| class       | gts | dets | recall | ap    |
+-------------+-----+------+--------+-------+
| R0402       | 366 | 386  | 0.896  | 0.802 |
| R0603       | 363 | 388  | 0.986  | 0.907 |
| LED0603     | 348 | 367  | 0.989  | 0.904 |
| R0804       | 771 | 789  | 0.979  | 0.895 |
| R2512       | 93  | 96   | 1.000  | 1.000 |
| CAP5053     | 27  | 27   | 1.000  | 1.000 |
| LQFP7070    | 21  | 29   | 1.000  | 0.984 |
| SOIC-8      | 48  | 55   | 1.000  | 1.000 |
| SOT-23      | 57  | 57   | 0.947  | 0.909 |
| TSSOP-20    | 48  | 51   | 1.000  | 1.000 |
| LED0603Flip | 69  | 69   | 0.971  | 0.904 |
+-------------+-----+------+--------+-------+
| mAP         |     |      |        | 0.937 |
+-------------+-----+------+--------+-------+
2026-04-07 19:27:35,527 - mmrotate - INFO - Exp name: roi_trans_r50_fpn_fp16_1x_dota_le90_custom.py
2026-04-07 19:27:35,527 - mmrotate - INFO - Epoch(val) [9][177]	mAP: 0.9369
2026-04-07 19:27:52,807 - mmrotate - INFO - Exp name: roi_trans_r50_fpn_fp16_1x_dota_le90_custom.py
2026-04-07 19:27:52,807 - mmrotate - INFO - Epoch(val) [9][89]	loss_rpn_cls_val: 0.0076, loss_rpn_bbox_val: 0.0068, s0.loss_cls_val: 0.0493, s0.acc_val: 97.9854, s0.loss_bbox_val: 0.0420, s1.loss_cls_val: 0.0325, s1.acc_val: 98.8357, s1.loss_bbox_val: 0.1497, loss_val: 0.2879
2026-04-07 19:28:08,568 - mmrotate - INFO - Epoch [10][50/462]	lr: 5.000e-04, eta: 0:31:33, time: 0.315, data_time: 0.109, memory: 2336, loss_rpn_cls: 0.0014, loss_rpn_bbox: 0.0041, s0.loss_cls: 0.0374, s0.acc: 98.4668, s0.loss_bbox: 0.0201, s1.loss_cls: 0.0226, s1.acc: 99.1189, s1.loss_bbox: 0.1075, loss: 0.1930, grad_norm: 1.7988
2026-04-07 19:28:22,276 - mmrotate - INFO - Epoch [10][100/462]	lr: 5.000e-04, eta: 0:31:20, time: 0.274, data_time: 0.070, memory: 2336, loss_rpn_cls: 0.0018, loss_rpn_bbox: 0.0043, s0.loss_cls: 0.0362, s0.acc: 98.5293, s0.loss_bbox: 0.0208, s1.loss_cls: 0.0206, s1.acc: 99.1307, s1.loss_bbox: 0.1088, loss: 0.1924, grad_norm: 1.7575
2026-04-07 19:28:35,984 - mmrotate - INFO - Epoch [10][150/462]	lr: 5.000e-04, eta: 0:31:06, time: 0.274, data_time: 0.071, memory: 2336, loss_rpn_cls: 0.0014, loss_rpn_bbox: 0.0032, s0.loss_cls: 0.0361, s0.acc: 98.5566, s0.loss_bbox: 0.0197, s1.loss_cls: 0.0206, s1.acc: 99.1571, s1.loss_bbox: 0.0996, loss: 0.1806, grad_norm: 1.7256
2026-04-07 19:28:49,706 - mmrotate - INFO - Epoch [10][200/462]	lr: 5.000e-04, eta: 0:30:52, time: 0.274, data_time: 0.069, memory: 2336, loss_rpn_cls: 0.0019, loss_rpn_bbox: 0.0043, s0.loss_cls: 0.0378, s0.acc: 98.4980, s0.loss_bbox: 0.0201, s1.loss_cls: 0.0202, s1.acc: 99.2002, s1.loss_bbox: 0.1064, loss: 0.1906, grad_norm: 1.7644
2026-04-07 19:29:03,466 - mmrotate - INFO - Epoch [10][250/462]	lr: 5.000e-04, eta: 0:30:38, time: 0.275, data_time: 0.070, memory: 2336, loss_rpn_cls: 0.0021, loss_rpn_bbox: 0.0033, s0.loss_cls: 0.0331, s0.acc: 98.6602, s0.loss_bbox: 0.0173, s1.loss_cls: 0.0204, s1.acc: 99.1610, s1.loss_bbox: 0.0961, loss: 0.1722, grad_norm: 1.6596
2026-04-07 19:29:17,333 - mmrotate - INFO - Epoch [10][300/462]	lr: 5.000e-04, eta: 0:30:24, time: 0.277, data_time: 0.072, memory: 2336, loss_rpn_cls: 0.0016, loss_rpn_bbox: 0.0032, s0.loss_cls: 0.0341, s0.acc: 98.6387, s0.loss_bbox: 0.0175, s1.loss_cls: 0.0205, s1.acc: 99.2295, s1.loss_bbox: 0.0980, loss: 0.1749, grad_norm: 1.6426
2026-04-07 19:29:31,126 - mmrotate - INFO - Epoch [10][350/462]	lr: 5.000e-04, eta: 0:30:11, time: 0.276, data_time: 0.070, memory: 2336, loss_rpn_cls: 0.0017, loss_rpn_bbox: 0.0031, s0.loss_cls: 0.0336, s0.acc: 98.6660, s0.loss_bbox: 0.0187, s1.loss_cls: 0.0205, s1.acc: 99.1580, s1.loss_bbox: 0.1001, loss: 0.1777, grad_norm: 1.6921
2026-04-07 19:29:44,982 - mmrotate - INFO - Epoch [10][400/462]	lr: 5.000e-04, eta: 0:29:57, time: 0.277, data_time: 0.071, memory: 2336, loss_rpn_cls: 0.0023, loss_rpn_bbox: 0.0031, s0.loss_cls: 0.0320, s0.acc: 98.7070, s0.loss_bbox: 0.0167, s1.loss_cls: 0.0187, s1.acc: 99.1919, s1.loss_bbox: 0.0910, loss: 0.1638, grad_norm: 1.6293
2026-04-07 19:29:58,984 - mmrotate - INFO - Epoch [10][450/462]	lr: 5.000e-04, eta: 0:29:44, time: 0.280, data_time: 0.073, memory: 2336, loss_rpn_cls: 0.0015, loss_rpn_bbox: 0.0034, s0.loss_cls: 0.0326, s0.acc: 98.7422, s0.loss_bbox: 0.0193, s1.loss_cls: 0.0200, s1.acc: 99.2313, s1.loss_bbox: 0.0971, loss: 0.1740, grad_norm: 1.7179
2026-04-07 19:30:02,372 - mmrotate - INFO - Saving checkpoint at 10 epochs
2026-04-07 19:30:23,761 - mmrotate - INFO - 
+-------------+-----+------+--------+-------+
| class       | gts | dets | recall | ap    |
+-------------+-----+------+--------+-------+
| R0402       | 366 | 388  | 0.902  | 0.889 |
| R0603       | 363 | 378  | 0.992  | 0.908 |
| LED0603     | 348 | 365  | 0.983  | 0.900 |
| R0804       | 771 | 784  | 0.981  | 0.899 |
| R2512       | 93  | 96   | 1.000  | 1.000 |
| CAP5053     | 27  | 27   | 1.000  | 1.000 |
| LQFP7070    | 21  | 27   | 0.952  | 0.905 |
| SOIC-8      | 48  | 55   | 1.000  | 1.000 |
| SOT-23      | 57  | 58   | 0.895  | 0.784 |
| TSSOP-20    | 48  | 52   | 1.000  | 1.000 |
| LED0603Flip | 69  | 69   | 0.942  | 0.879 |
+-------------+-----+------+--------+-------+
| mAP         |     |      |        | 0.924 |
+-------------+-----+------+--------+-------+
2026-04-07 19:30:23,833 - mmrotate - INFO - Exp name: roi_trans_r50_fpn_fp16_1x_dota_le90_custom.py
2026-04-07 19:30:23,833 - mmrotate - INFO - Epoch(val) [10][177]	mAP: 0.9239
2026-04-07 19:30:41,058 - mmrotate - INFO - Exp name: roi_trans_r50_fpn_fp16_1x_dota_le90_custom.py
2026-04-07 19:30:41,058 - mmrotate - INFO - Epoch(val) [10][89]	loss_rpn_cls_val: 0.0092, loss_rpn_bbox_val: 0.0071, s0.loss_cls_val: 0.0510, s0.acc_val: 97.9767, s0.loss_bbox_val: 0.0406, s1.loss_cls_val: 0.0340, s1.acc_val: 98.8242, s1.loss_bbox_val: 0.1476, loss_val: 0.2896
2026-04-07 19:30:56,812 - mmrotate - INFO - Epoch [11][50/462]	lr: 5.000e-04, eta: 0:29:25, time: 0.315, data_time: 0.108, memory: 2336, loss_rpn_cls: 0.0014, loss_rpn_bbox: 0.0038, s0.loss_cls: 0.0348, s0.acc: 98.5996, s0.loss_bbox: 0.0173, s1.loss_cls: 0.0208, s1.acc: 99.1965, s1.loss_bbox: 0.0974, loss: 0.1754, grad_norm: 1.6879
2026-04-07 19:31:10,585 - mmrotate - INFO - Epoch [11][100/462]	lr: 5.000e-04, eta: 0:29:11, time: 0.275, data_time: 0.069, memory: 2336, loss_rpn_cls: 0.0016, loss_rpn_bbox: 0.0036, s0.loss_cls: 0.0349, s0.acc: 98.6055, s0.loss_bbox: 0.0179, s1.loss_cls: 0.0198, s1.acc: 99.2368, s1.loss_bbox: 0.1069, loss: 0.1846, grad_norm: 1.7708
2026-04-07 19:31:24,245 - mmrotate - INFO - Epoch [11][150/462]	lr: 5.000e-04, eta: 0:28:57, time: 0.273, data_time: 0.069, memory: 2336, loss_rpn_cls: 0.0014, loss_rpn_bbox: 0.0031, s0.loss_cls: 0.0286, s0.acc: 98.8398, s0.loss_bbox: 0.0185, s1.loss_cls: 0.0169, s1.acc: 99.3535, s1.loss_bbox: 0.0923, loss: 0.1608, grad_norm: 1.6602
2026-04-07 19:31:38,025 - mmrotate - INFO - Epoch [11][200/462]	lr: 5.000e-04, eta: 0:28:44, time: 0.276, data_time: 0.070, memory: 2336, loss_rpn_cls: 0.0016, loss_rpn_bbox: 0.0035, s0.loss_cls: 0.0339, s0.acc: 98.6387, s0.loss_bbox: 0.0192, s1.loss_cls: 0.0205, s1.acc: 99.1670, s1.loss_bbox: 0.0984, loss: 0.1772, grad_norm: 1.7376
2026-04-07 19:31:51,840 - mmrotate - INFO - Epoch [11][250/462]	lr: 5.000e-04, eta: 0:28:30, time: 0.276, data_time: 0.070, memory: 2336, loss_rpn_cls: 0.0013, loss_rpn_bbox: 0.0028, s0.loss_cls: 0.0308, s0.acc: 98.8398, s0.loss_bbox: 0.0172, s1.loss_cls: 0.0191, s1.acc: 99.2225, s1.loss_bbox: 0.0888, loss: 0.1601, grad_norm: 1.6838
2026-04-07 19:32:05,592 - mmrotate - INFO - Epoch [11][300/462]	lr: 5.000e-04, eta: 0:28:16, time: 0.275, data_time: 0.068, memory: 2336, loss_rpn_cls: 0.0017, loss_rpn_bbox: 0.0033, s0.loss_cls: 0.0330, s0.acc: 98.6602, s0.loss_bbox: 0.0184, s1.loss_cls: 0.0178, s1.acc: 99.3016, s1.loss_bbox: 0.0967, loss: 0.1710, grad_norm: 1.7426
2026-04-07 19:32:19,311 - mmrotate - INFO - Epoch [11][350/462]	lr: 5.000e-04, eta: 0:28:02, time: 0.274, data_time: 0.069, memory: 2336, loss_rpn_cls: 0.0012, loss_rpn_bbox: 0.0038, s0.loss_cls: 0.0339, s0.acc: 98.6367, s0.loss_bbox: 0.0182, s1.loss_cls: 0.0179, s1.acc: 99.2883, s1.loss_bbox: 0.1034, loss: 0.1784, grad_norm: 1.7257
2026-04-07 19:32:32,917 - mmrotate - INFO - Epoch [11][400/462]	lr: 5.000e-04, eta: 0:27:48, time: 0.272, data_time: 0.067, memory: 2336, loss_rpn_cls: 0.0010, loss_rpn_bbox: 0.0030, s0.loss_cls: 0.0288, s0.acc: 98.8398, s0.loss_bbox: 0.0160, s1.loss_cls: 0.0173, s1.acc: 99.2892, s1.loss_bbox: 0.0885, loss: 0.1545, grad_norm: 1.5942
2026-04-07 19:32:46,872 - mmrotate - INFO - Epoch [11][450/462]	lr: 5.000e-04, eta: 0:27:35, time: 0.279, data_time: 0.072, memory: 2336, loss_rpn_cls: 0.0011, loss_rpn_bbox: 0.0035, s0.loss_cls: 0.0344, s0.acc: 98.6172, s0.loss_bbox: 0.0191, s1.loss_cls: 0.0197, s1.acc: 99.2373, s1.loss_bbox: 0.1024, loss: 0.1800, grad_norm: 1.7257
2026-04-07 19:33:10,326 - mmrotate - INFO - 
+-------------+-----+------+--------+-------+
| class       | gts | dets | recall | ap    |
+-------------+-----+------+--------+-------+
| R0402       | 366 | 387  | 0.877  | 0.798 |
| R0603       | 363 | 373  | 0.992  | 0.909 |
| LED0603     | 348 | 366  | 0.983  | 0.900 |
| R0804       | 771 | 781  | 0.979  | 0.902 |
| R2512       | 93  | 95   | 1.000  | 1.000 |
| CAP5053     | 27  | 27   | 1.000  | 1.000 |
| LQFP7070    | 21  | 28   | 0.952  | 0.901 |
| SOIC-8      | 48  | 57   | 0.958  | 0.879 |
| SOT-23      | 57  | 57   | 0.895  | 0.797 |
| TSSOP-20    | 48  | 52   | 1.000  | 1.000 |
| LED0603Flip | 69  | 69   | 0.971  | 0.901 |
+-------------+-----+------+--------+-------+
| mAP         |     |      |        | 0.908 |
+-------------+-----+------+--------+-------+
2026-04-07 19:33:10,398 - mmrotate - INFO - Exp name: roi_trans_r50_fpn_fp16_1x_dota_le90_custom.py
2026-04-07 19:33:10,398 - mmrotate - INFO - Epoch(val) [11][177]	mAP: 0.9078
2026-04-07 19:33:27,879 - mmrotate - INFO - Exp name: roi_trans_r50_fpn_fp16_1x_dota_le90_custom.py
2026-04-07 19:33:27,880 - mmrotate - INFO - Epoch(val) [11][89]	loss_rpn_cls_val: 0.0094, loss_rpn_bbox_val: 0.0071, s0.loss_cls_val: 0.0491, s0.acc_val: 98.0436, s0.loss_bbox_val: 0.0420, s1.loss_cls_val: 0.0326, s1.acc_val: 98.8409, s1.loss_bbox_val: 0.1454, loss_val: 0.2856
2026-04-07 19:33:43,822 - mmrotate - INFO - Epoch [12][50/462]	lr: 5.000e-05, eta: 0:27:16, time: 0.319, data_time: 0.112, memory: 2336, loss_rpn_cls: 0.0016, loss_rpn_bbox: 0.0038, s0.loss_cls: 0.0346, s0.acc: 98.5859, s0.loss_bbox: 0.0206, s1.loss_cls: 0.0197, s1.acc: 99.1970, s1.loss_bbox: 0.1053, loss: 0.1855, grad_norm: 1.9048
2026-04-07 19:33:57,820 - mmrotate - INFO - Epoch [12][100/462]	lr: 5.000e-05, eta: 0:27:03, time: 0.280, data_time: 0.072, memory: 2336, loss_rpn_cls: 0.0011, loss_rpn_bbox: 0.0029, s0.loss_cls: 0.0310, s0.acc: 98.7773, s0.loss_bbox: 0.0154, s1.loss_cls: 0.0196, s1.acc: 99.2180, s1.loss_bbox: 0.0828, loss: 0.1529, grad_norm: 1.5226
2026-04-07 19:34:11,787 - mmrotate - INFO - Epoch [12][150/462]	lr: 5.000e-05, eta: 0:26:50, time: 0.279, data_time: 0.073, memory: 2336, loss_rpn_cls: 0.0014, loss_rpn_bbox: 0.0035, s0.loss_cls: 0.0332, s0.acc: 98.6270, s0.loss_bbox: 0.0194, s1.loss_cls: 0.0177, s1.acc: 99.2400, s1.loss_bbox: 0.0981, loss: 0.1733, grad_norm: 1.7490
2026-04-07 19:34:25,665 - mmrotate - INFO - Epoch [12][200/462]	lr: 5.000e-05, eta: 0:26:36, time: 0.278, data_time: 0.071, memory: 2336, loss_rpn_cls: 0.0018, loss_rpn_bbox: 0.0034, s0.loss_cls: 0.0329, s0.acc: 98.6758, s0.loss_bbox: 0.0183, s1.loss_cls: 0.0214, s1.acc: 99.1290, s1.loss_bbox: 0.1000, loss: 0.1779, grad_norm: 1.6942
2026-04-07 19:34:39,463 - mmrotate - INFO - Epoch [12][250/462]	lr: 5.000e-05, eta: 0:26:22, time: 0.276, data_time: 0.070, memory: 2336, loss_rpn_cls: 0.0015, loss_rpn_bbox: 0.0033, s0.loss_cls: 0.0306, s0.acc: 98.7754, s0.loss_bbox: 0.0170, s1.loss_cls: 0.0152, s1.acc: 99.3745, s1.loss_bbox: 0.0893, loss: 0.1569, grad_norm: 1.5722
2026-04-07 19:34:53,314 - mmrotate - INFO - Epoch [12][300/462]	lr: 5.000e-05, eta: 0:26:09, time: 0.277, data_time: 0.071, memory: 2336, loss_rpn_cls: 0.0012, loss_rpn_bbox: 0.0031, s0.loss_cls: 0.0302, s0.acc: 98.8203, s0.loss_bbox: 0.0153, s1.loss_cls: 0.0173, s1.acc: 99.2976, s1.loss_bbox: 0.0856, loss: 0.1528, grad_norm: 1.5701
2026-04-07 19:35:07,257 - mmrotate - INFO - Epoch [12][350/462]	lr: 5.000e-05, eta: 0:25:55, time: 0.279, data_time: 0.072, memory: 2336, loss_rpn_cls: 0.0017, loss_rpn_bbox: 0.0036, s0.loss_cls: 0.0363, s0.acc: 98.5332, s0.loss_bbox: 0.0168, s1.loss_cls: 0.0188, s1.acc: 99.2698, s1.loss_bbox: 0.1021, loss: 0.1792, grad_norm: 1.7010
2026-04-07 19:35:21,108 - mmrotate - INFO - Epoch [12][400/462]	lr: 5.000e-05, eta: 0:25:41, time: 0.277, data_time: 0.070, memory: 2336, loss_rpn_cls: 0.0014, loss_rpn_bbox: 0.0033, s0.loss_cls: 0.0331, s0.acc: 98.6270, s0.loss_bbox: 0.0173, s1.loss_cls: 0.0176, s1.acc: 99.2916, s1.loss_bbox: 0.0969, loss: 0.1696, grad_norm: 1.6588
2026-04-07 19:35:34,917 - mmrotate - INFO - Epoch [12][450/462]	lr: 5.000e-05, eta: 0:25:28, time: 0.276, data_time: 0.071, memory: 2336, loss_rpn_cls: 0.0015, loss_rpn_bbox: 0.0030, s0.loss_cls: 0.0354, s0.acc: 98.5781, s0.loss_bbox: 0.0178, s1.loss_cls: 0.0192, s1.acc: 99.2205, s1.loss_bbox: 0.0955, loss: 0.1722, grad_norm: 1.6331
2026-04-07 19:35:38,221 - mmrotate - INFO - Saving checkpoint at 12 epochs
2026-04-07 19:35:59,664 - mmrotate - INFO - 
+-------------+-----+------+--------+-------+
| class       | gts | dets | recall | ap    |
+-------------+-----+------+--------+-------+
| R0402       | 366 | 388  | 0.896  | 0.805 |
| R0603       | 363 | 375  | 0.981  | 0.907 |
| LED0603     | 348 | 363  | 0.983  | 0.904 |
| R0804       | 771 | 781  | 0.990  | 0.905 |
| R2512       | 93  | 96   | 0.989  | 0.909 |
| CAP5053     | 27  | 27   | 1.000  | 1.000 |
| LQFP7070    | 21  | 28   | 0.952  | 0.901 |
| SOIC-8      | 48  | 56   | 1.000  | 1.000 |
| SOT-23      | 57  | 57   | 0.947  | 0.909 |
| TSSOP-20    | 48  | 52   | 1.000  | 1.000 |
| LED0603Flip | 69  | 69   | 1.000  | 1.000 |
+-------------+-----+------+--------+-------+
| mAP         |     |      |        | 0.931 |
+-------------+-----+------+--------+-------+
2026-04-07 19:35:59,743 - mmrotate - INFO - Exp name: roi_trans_r50_fpn_fp16_1x_dota_le90_custom.py
2026-04-07 19:35:59,743 - mmrotate - INFO - Epoch(val) [12][177]	mAP: 0.9309
2026-04-07 19:36:17,262 - mmrotate - INFO - Exp name: roi_trans_r50_fpn_fp16_1x_dota_le90_custom.py
2026-04-07 19:36:17,262 - mmrotate - INFO - Epoch(val) [12][89]	loss_rpn_cls_val: 0.0088, loss_rpn_bbox_val: 0.0069, s0.loss_cls_val: 0.0484, s0.acc_val: 98.0820, s0.loss_bbox_val: 0.0399, s1.loss_cls_val: 0.0324, s1.acc_val: 98.8628, s1.loss_bbox_val: 0.1463, loss_val: 0.2827
2026-04-07 19:36:33,116 - mmrotate - INFO - Epoch [13][50/462]	lr: 5.000e-05, eta: 0:25:09, time: 0.317, data_time: 0.111, memory: 2336, loss_rpn_cls: 0.0014, loss_rpn_bbox: 0.0037, s0.loss_cls: 0.0357, s0.acc: 98.5664, s0.loss_bbox: 0.0180, s1.loss_cls: 0.0183, s1.acc: 99.2724, s1.loss_bbox: 0.0998, loss: 0.1769, grad_norm: 1.6795
2026-04-07 19:36:47,036 - mmrotate - INFO - Epoch [13][100/462]	lr: 5.000e-05, eta: 0:24:56, time: 0.278, data_time: 0.073, memory: 2336, loss_rpn_cls: 0.0011, loss_rpn_bbox: 0.0029, s0.loss_cls: 0.0315, s0.acc: 98.7188, s0.loss_bbox: 0.0170, s1.loss_cls: 0.0178, s1.acc: 99.3201, s1.loss_bbox: 0.0951, loss: 0.1654, grad_norm: 1.6160
2026-04-07 19:37:00,875 - mmrotate - INFO - Epoch [13][150/462]	lr: 5.000e-05, eta: 0:24:42, time: 0.277, data_time: 0.071, memory: 2336, loss_rpn_cls: 0.0025, loss_rpn_bbox: 0.0027, s0.loss_cls: 0.0316, s0.acc: 98.7051, s0.loss_bbox: 0.0142, s1.loss_cls: 0.0175, s1.acc: 99.2863, s1.loss_bbox: 0.0810, loss: 0.1496, grad_norm: 1.5999
2026-04-07 19:37:14,675 - mmrotate - INFO - Epoch [13][200/462]	lr: 5.000e-05, eta: 0:24:29, time: 0.276, data_time: 0.071, memory: 2336, loss_rpn_cls: 0.0013, loss_rpn_bbox: 0.0032, s0.loss_cls: 0.0308, s0.acc: 98.7773, s0.loss_bbox: 0.0161, s1.loss_cls: 0.0179, s1.acc: 99.2488, s1.loss_bbox: 0.0935, loss: 0.1629, grad_norm: 1.6397
2026-04-07 19:37:28,438 - mmrotate - INFO - Epoch [13][250/462]	lr: 5.000e-05, eta: 0:24:15, time: 0.275, data_time: 0.069, memory: 2336, loss_rpn_cls: 0.0012, loss_rpn_bbox: 0.0035, s0.loss_cls: 0.0327, s0.acc: 98.6484, s0.loss_bbox: 0.0156, s1.loss_cls: 0.0192, s1.acc: 99.2529, s1.loss_bbox: 0.0862, loss: 0.1585, grad_norm: 1.5685
2026-04-07 19:37:42,257 - mmrotate - INFO - Epoch [13][300/462]	lr: 5.000e-05, eta: 0:24:01, time: 0.276, data_time: 0.071, memory: 2336, loss_rpn_cls: 0.0014, loss_rpn_bbox: 0.0029, s0.loss_cls: 0.0318, s0.acc: 98.7188, s0.loss_bbox: 0.0181, s1.loss_cls: 0.0180, s1.acc: 99.2671, s1.loss_bbox: 0.0918, loss: 0.1640, grad_norm: 1.6603
2026-04-07 19:37:56,077 - mmrotate - INFO - Epoch [13][350/462]	lr: 5.000e-05, eta: 0:23:47, time: 0.276, data_time: 0.069, memory: 2336, loss_rpn_cls: 0.0014, loss_rpn_bbox: 0.0033, s0.loss_cls: 0.0329, s0.acc: 98.6797, s0.loss_bbox: 0.0199, s1.loss_cls: 0.0184, s1.acc: 99.2775, s1.loss_bbox: 0.0960, loss: 0.1719, grad_norm: 1.7107
2026-04-07 19:38:09,978 - mmrotate - INFO - Epoch [13][400/462]	lr: 5.000e-05, eta: 0:23:34, time: 0.278, data_time: 0.071, memory: 2336, loss_rpn_cls: 0.0014, loss_rpn_bbox: 0.0037, s0.loss_cls: 0.0348, s0.acc: 98.5527, s0.loss_bbox: 0.0184, s1.loss_cls: 0.0183, s1.acc: 99.3027, s1.loss_bbox: 0.1021, loss: 0.1786, grad_norm: 1.7021
2026-04-07 19:38:23,818 - mmrotate - INFO - Epoch [13][450/462]	lr: 5.000e-05, eta: 0:23:20, time: 0.277, data_time: 0.071, memory: 2336, loss_rpn_cls: 0.0014, loss_rpn_bbox: 0.0031, s0.loss_cls: 0.0323, s0.acc: 98.7324, s0.loss_bbox: 0.0164, s1.loss_cls: 0.0189, s1.acc: 99.2624, s1.loss_bbox: 0.0935, loss: 0.1657, grad_norm: 1.6964
2026-04-07 19:38:47,055 - mmrotate - INFO - 
+-------------+-----+------+--------+-------+
| class       | gts | dets | recall | ap    |
+-------------+-----+------+--------+-------+
| R0402       | 366 | 385  | 0.893  | 0.805 |
| R0603       | 363 | 380  | 0.983  | 0.905 |
| LED0603     | 348 | 365  | 0.983  | 0.904 |
| R0804       | 771 | 780  | 0.990  | 0.903 |
| R2512       | 93  | 96   | 0.989  | 0.909 |
| CAP5053     | 27  | 27   | 1.000  | 1.000 |
| LQFP7070    | 21  | 28   | 0.952  | 0.901 |
| SOIC-8      | 48  | 56   | 1.000  | 1.000 |
| SOT-23      | 57  | 57   | 0.947  | 0.909 |
| TSSOP-20    | 48  | 51   | 1.000  | 1.000 |
| LED0603Flip | 69  | 69   | 1.000  | 1.000 |
+-------------+-----+------+--------+-------+
| mAP         |     |      |        | 0.931 |
+-------------+-----+------+--------+-------+
2026-04-07 19:38:47,128 - mmrotate - INFO - Exp name: roi_trans_r50_fpn_fp16_1x_dota_le90_custom.py
2026-04-07 19:38:47,128 - mmrotate - INFO - Epoch(val) [13][177]	mAP: 0.9305
2026-04-07 19:39:04,634 - mmrotate - INFO - Exp name: roi_trans_r50_fpn_fp16_1x_dota_le90_custom.py
2026-04-07 19:39:04,634 - mmrotate - INFO - Epoch(val) [13][89]	loss_rpn_cls_val: 0.0081, loss_rpn_bbox_val: 0.0066, s0.loss_cls_val: 0.0497, s0.acc_val: 98.0030, s0.loss_bbox_val: 0.0398, s1.loss_cls_val: 0.0313, s1.acc_val: 98.9246, s1.loss_bbox_val: 0.1498, loss_val: 0.2852
2026-04-07 19:39:20,488 - mmrotate - INFO - Epoch [14][50/462]	lr: 5.000e-05, eta: 0:23:02, time: 0.317, data_time: 0.110, memory: 2336, loss_rpn_cls: 0.0014, loss_rpn_bbox: 0.0033, s0.loss_cls: 0.0321, s0.acc: 98.7305, s0.loss_bbox: 0.0159, s1.loss_cls: 0.0183, s1.acc: 99.2538, s1.loss_bbox: 0.0908, loss: 0.1617, grad_norm: 1.5789
2026-04-07 19:39:34,295 - mmrotate - INFO - Epoch [14][100/462]	lr: 5.000e-05, eta: 0:22:48, time: 0.276, data_time: 0.072, memory: 2336, loss_rpn_cls: 0.0012, loss_rpn_bbox: 0.0033, s0.loss_cls: 0.0321, s0.acc: 98.7051, s0.loss_bbox: 0.0184, s1.loss_cls: 0.0170, s1.acc: 99.3070, s1.loss_bbox: 0.0889, loss: 0.1609, grad_norm: 1.7023
2026-04-07 19:39:48,166 - mmrotate - INFO - Epoch [14][150/462]	lr: 5.000e-05, eta: 0:22:35, time: 0.277, data_time: 0.071, memory: 2336, loss_rpn_cls: 0.0013, loss_rpn_bbox: 0.0033, s0.loss_cls: 0.0309, s0.acc: 98.7559, s0.loss_bbox: 0.0193, s1.loss_cls: 0.0176, s1.acc: 99.2822, s1.loss_bbox: 0.0909, loss: 0.1634, grad_norm: 1.6963
2026-04-07 19:40:01,950 - mmrotate - INFO - Epoch [14][200/462]	lr: 5.000e-05, eta: 0:22:21, time: 0.276, data_time: 0.070, memory: 2336, loss_rpn_cls: 0.0013, loss_rpn_bbox: 0.0032, s0.loss_cls: 0.0323, s0.acc: 98.7051, s0.loss_bbox: 0.0161, s1.loss_cls: 0.0172, s1.acc: 99.3032, s1.loss_bbox: 0.0953, loss: 0.1655, grad_norm: 1.6621
2026-04-07 19:40:15,803 - mmrotate - INFO - Epoch [14][250/462]	lr: 5.000e-05, eta: 0:22:07, time: 0.277, data_time: 0.071, memory: 2336, loss_rpn_cls: 0.0011, loss_rpn_bbox: 0.0026, s0.loss_cls: 0.0276, s0.acc: 98.8828, s0.loss_bbox: 0.0157, s1.loss_cls: 0.0155, s1.acc: 99.3976, s1.loss_bbox: 0.0826, loss: 0.1451, grad_norm: 1.5449
2026-04-07 19:40:29,583 - mmrotate - INFO - Epoch [14][300/462]	lr: 5.000e-05, eta: 0:21:54, time: 0.276, data_time: 0.071, memory: 2336, loss_rpn_cls: 0.0012, loss_rpn_bbox: 0.0030, s0.loss_cls: 0.0311, s0.acc: 98.8105, s0.loss_bbox: 0.0156, s1.loss_cls: 0.0190, s1.acc: 99.2110, s1.loss_bbox: 0.0814, loss: 0.1514, grad_norm: 1.6002
2026-04-07 19:40:43,325 - mmrotate - INFO - Epoch [14][350/462]	lr: 5.000e-05, eta: 0:21:40, time: 0.275, data_time: 0.070, memory: 2336, loss_rpn_cls: 0.0019, loss_rpn_bbox: 0.0035, s0.loss_cls: 0.0324, s0.acc: 98.6797, s0.loss_bbox: 0.0159, s1.loss_cls: 0.0187, s1.acc: 99.2603, s1.loss_bbox: 0.0946, loss: 0.1672, grad_norm: 1.5524
2026-04-07 19:40:57,118 - mmrotate - INFO - Epoch [14][400/462]	lr: 5.000e-05, eta: 0:21:26, time: 0.276, data_time: 0.070, memory: 2336, loss_rpn_cls: 0.0013, loss_rpn_bbox: 0.0037, s0.loss_cls: 0.0356, s0.acc: 98.5703, s0.loss_bbox: 0.0197, s1.loss_cls: 0.0203, s1.acc: 99.1863, s1.loss_bbox: 0.1051, loss: 0.1856, grad_norm: 1.7827
2026-04-07 19:41:10,789 - mmrotate - INFO - Epoch [14][450/462]	lr: 5.000e-05, eta: 0:21:13, time: 0.273, data_time: 0.069, memory: 2336, loss_rpn_cls: 0.0013, loss_rpn_bbox: 0.0033, s0.loss_cls: 0.0333, s0.acc: 98.6406, s0.loss_bbox: 0.0172, s1.loss_cls: 0.0188, s1.acc: 99.2595, s1.loss_bbox: 0.1026, loss: 0.1765, grad_norm: 1.6972
2026-04-07 19:41:14,073 - mmrotate - INFO - Saving checkpoint at 14 epochs
2026-04-07 19:41:35,652 - mmrotate - INFO - 
+-------------+-----+------+--------+-------+
| class       | gts | dets | recall | ap    |
+-------------+-----+------+--------+-------+
| R0402       | 366 | 384  | 0.899  | 0.805 |
| R0603       | 363 | 380  | 0.986  | 0.906 |
| LED0603     | 348 | 365  | 0.989  | 0.904 |
| R0804       | 771 | 781  | 0.987  | 0.901 |
| R2512       | 93  | 96   | 1.000  | 1.000 |
| CAP5053     | 27  | 27   | 1.000  | 1.000 |
| LQFP7070    | 21  | 26   | 0.952  | 0.901 |
| SOIC-8      | 48  | 55   | 0.979  | 0.892 |
| SOT-23      | 57  | 57   | 0.947  | 0.909 |
| TSSOP-20    | 48  | 51   | 1.000  | 1.000 |
| LED0603Flip | 69  | 69   | 1.000  | 1.000 |
+-------------+-----+------+--------+-------+
| mAP         |     |      |        | 0.929 |
+-------------+-----+------+--------+-------+
2026-04-07 19:41:35,730 - mmrotate - INFO - Exp name: roi_trans_r50_fpn_fp16_1x_dota_le90_custom.py
2026-04-07 19:41:35,730 - mmrotate - INFO - Epoch(val) [14][177]	mAP: 0.9290
2026-04-07 19:41:53,108 - mmrotate - INFO - Exp name: roi_trans_r50_fpn_fp16_1x_dota_le90_custom.py
2026-04-07 19:41:53,108 - mmrotate - INFO - Epoch(val) [14][89]	loss_rpn_cls_val: 0.0079, loss_rpn_bbox_val: 0.0069, s0.loss_cls_val: 0.0504, s0.acc_val: 97.9854, s0.loss_bbox_val: 0.0389, s1.loss_cls_val: 0.0328, s1.acc_val: 98.8564, s1.loss_bbox_val: 0.1478, loss_val: 0.2847
2026-04-07 19:42:08,976 - mmrotate - INFO - Epoch [15][50/462]	lr: 5.000e-05, eta: 0:20:55, time: 0.317, data_time: 0.109, memory: 2336, loss_rpn_cls: 0.0017, loss_rpn_bbox: 0.0032, s0.loss_cls: 0.0317, s0.acc: 98.7461, s0.loss_bbox: 0.0181, s1.loss_cls: 0.0194, s1.acc: 99.2279, s1.loss_bbox: 0.1021, loss: 0.1760, grad_norm: 1.7777
2026-04-07 19:42:22,881 - mmrotate - INFO - Epoch [15][100/462]	lr: 5.000e-05, eta: 0:20:41, time: 0.278, data_time: 0.072, memory: 2336, loss_rpn_cls: 0.0017, loss_rpn_bbox: 0.0034, s0.loss_cls: 0.0329, s0.acc: 98.6699, s0.loss_bbox: 0.0182, s1.loss_cls: 0.0179, s1.acc: 99.2680, s1.loss_bbox: 0.0916, loss: 0.1658, grad_norm: 1.6648
2026-04-07 19:42:36,659 - mmrotate - INFO - Epoch [15][150/462]	lr: 5.000e-05, eta: 0:20:27, time: 0.276, data_time: 0.070, memory: 2336, loss_rpn_cls: 0.0011, loss_rpn_bbox: 0.0032, s0.loss_cls: 0.0339, s0.acc: 98.6016, s0.loss_bbox: 0.0159, s1.loss_cls: 0.0182, s1.acc: 99.2695, s1.loss_bbox: 0.0856, loss: 0.1579, grad_norm: 1.5751
2026-04-07 19:42:50,461 - mmrotate - INFO - Epoch [15][200/462]	lr: 5.000e-05, eta: 0:20:14, time: 0.276, data_time: 0.069, memory: 2336, loss_rpn_cls: 0.0012, loss_rpn_bbox: 0.0030, s0.loss_cls: 0.0318, s0.acc: 98.7402, s0.loss_bbox: 0.0154, s1.loss_cls: 0.0173, s1.acc: 99.3058, s1.loss_bbox: 0.0869, loss: 0.1556, grad_norm: 1.5891
2026-04-07 19:43:04,282 - mmrotate - INFO - Epoch [15][250/462]	lr: 5.000e-05, eta: 0:20:00, time: 0.276, data_time: 0.071, memory: 2336, loss_rpn_cls: 0.0011, loss_rpn_bbox: 0.0031, s0.loss_cls: 0.0306, s0.acc: 98.7852, s0.loss_bbox: 0.0185, s1.loss_cls: 0.0180, s1.acc: 99.2802, s1.loss_bbox: 0.0867, loss: 0.1581, grad_norm: 1.6171
2026-04-07 19:43:17,954 - mmrotate - INFO - Epoch [15][300/462]	lr: 5.000e-05, eta: 0:19:46, time: 0.273, data_time: 0.068, memory: 2336, loss_rpn_cls: 0.0018, loss_rpn_bbox: 0.0029, s0.loss_cls: 0.0326, s0.acc: 98.7363, s0.loss_bbox: 0.0178, s1.loss_cls: 0.0210, s1.acc: 99.1855, s1.loss_bbox: 0.0955, loss: 0.1716, grad_norm: 1.7207
2026-04-07 19:43:31,697 - mmrotate - INFO - Epoch [15][350/462]	lr: 5.000e-05, eta: 0:19:32, time: 0.275, data_time: 0.070, memory: 2336, loss_rpn_cls: 0.0013, loss_rpn_bbox: 0.0029, s0.loss_cls: 0.0297, s0.acc: 98.8086, s0.loss_bbox: 0.0145, s1.loss_cls: 0.0176, s1.acc: 99.2746, s1.loss_bbox: 0.0884, loss: 0.1545, grad_norm: 1.5460
2026-04-07 19:43:45,522 - mmrotate - INFO - Epoch [15][400/462]	lr: 5.000e-05, eta: 0:19:19, time: 0.277, data_time: 0.069, memory: 2336, loss_rpn_cls: 0.0017, loss_rpn_bbox: 0.0032, s0.loss_cls: 0.0324, s0.acc: 98.6992, s0.loss_bbox: 0.0168, s1.loss_cls: 0.0175, s1.acc: 99.2877, s1.loss_bbox: 0.0954, loss: 0.1671, grad_norm: 1.6376
2026-04-07 19:43:59,202 - mmrotate - INFO - Epoch [15][450/462]	lr: 5.000e-05, eta: 0:19:05, time: 0.274, data_time: 0.068, memory: 2336, loss_rpn_cls: 0.0014, loss_rpn_bbox: 0.0036, s0.loss_cls: 0.0307, s0.acc: 98.7207, s0.loss_bbox: 0.0176, s1.loss_cls: 0.0191, s1.acc: 99.2422, s1.loss_bbox: 0.1006, loss: 0.1730, grad_norm: 1.7112
2026-04-07 19:44:22,552 - mmrotate - INFO - 
+-------------+-----+------+--------+-------+
| class       | gts | dets | recall | ap    |
+-------------+-----+------+--------+-------+
| R0402       | 366 | 384  | 0.893  | 0.805 |
| R0603       | 363 | 380  | 0.986  | 0.906 |
| LED0603     | 348 | 365  | 0.989  | 0.904 |
| R0804       | 771 | 782  | 0.987  | 0.902 |
| R2512       | 93  | 96   | 0.989  | 0.909 |
| CAP5053     | 27  | 27   | 1.000  | 1.000 |
| LQFP7070    | 21  | 26   | 0.952  | 0.905 |
| SOIC-8      | 48  | 56   | 0.979  | 0.892 |
| SOT-23      | 57  | 57   | 0.947  | 0.909 |
| TSSOP-20    | 48  | 50   | 1.000  | 1.000 |
| LED0603Flip | 69  | 69   | 0.986  | 0.900 |
+-------------+-----+------+--------+-------+
| mAP         |     |      |        | 0.912 |
+-------------+-----+------+--------+-------+
2026-04-07 19:44:22,625 - mmrotate - INFO - Exp name: roi_trans_r50_fpn_fp16_1x_dota_le90_custom.py
2026-04-07 19:44:22,626 - mmrotate - INFO - Epoch(val) [15][177]	mAP: 0.9120
2026-04-07 19:44:39,769 - mmrotate - INFO - Exp name: roi_trans_r50_fpn_fp16_1x_dota_le90_custom.py
2026-04-07 19:44:39,770 - mmrotate - INFO - Epoch(val) [15][89]	loss_rpn_cls_val: 0.0087, loss_rpn_bbox_val: 0.0066, s0.loss_cls_val: 0.0491, s0.acc_val: 98.0414, s0.loss_bbox_val: 0.0402, s1.loss_cls_val: 0.0305, s1.acc_val: 98.8942, s1.loss_bbox_val: 0.1492, loss_val: 0.2843
2026-04-07 19:44:55,660 - mmrotate - INFO - Epoch [16][50/462]	lr: 5.000e-05, eta: 0:18:47, time: 0.318, data_time: 0.109, memory: 2336, loss_rpn_cls: 0.0014, loss_rpn_bbox: 0.0031, s0.loss_cls: 0.0346, s0.acc: 98.6621, s0.loss_bbox: 0.0173, s1.loss_cls: 0.0195, s1.acc: 99.2690, s1.loss_bbox: 0.0972, loss: 0.1731, grad_norm: 1.7599
2026-04-07 19:45:09,420 - mmrotate - INFO - Epoch [16][100/462]	lr: 5.000e-05, eta: 0:18:34, time: 0.275, data_time: 0.070, memory: 2336, loss_rpn_cls: 0.0010, loss_rpn_bbox: 0.0033, s0.loss_cls: 0.0318, s0.acc: 98.7266, s0.loss_bbox: 0.0175, s1.loss_cls: 0.0146, s1.acc: 99.4569, s1.loss_bbox: 0.0975, loss: 0.1657, grad_norm: 1.6653
2026-04-07 19:45:23,315 - mmrotate - INFO - Epoch [16][150/462]	lr: 5.000e-05, eta: 0:18:20, time: 0.278, data_time: 0.071, memory: 2336, loss_rpn_cls: 0.0013, loss_rpn_bbox: 0.0026, s0.loss_cls: 0.0281, s0.acc: 98.8438, s0.loss_bbox: 0.0148, s1.loss_cls: 0.0159, s1.acc: 99.3983, s1.loss_bbox: 0.0797, loss: 0.1424, grad_norm: 1.4862
2026-04-07 19:45:37,351 - mmrotate - INFO - Epoch [16][200/462]	lr: 5.000e-05, eta: 0:18:06, time: 0.281, data_time: 0.070, memory: 2336, loss_rpn_cls: 0.0014, loss_rpn_bbox: 0.0035, s0.loss_cls: 0.0318, s0.acc: 98.7227, s0.loss_bbox: 0.0164, s1.loss_cls: 0.0176, s1.acc: 99.2894, s1.loss_bbox: 0.0914, loss: 0.1619, grad_norm: 1.6054
2026-04-07 19:45:51,225 - mmrotate - INFO - Epoch [16][250/462]	lr: 5.000e-05, eta: 0:17:53, time: 0.277, data_time: 0.070, memory: 2336, loss_rpn_cls: 0.0018, loss_rpn_bbox: 0.0031, s0.loss_cls: 0.0322, s0.acc: 98.6777, s0.loss_bbox: 0.0170, s1.loss_cls: 0.0182, s1.acc: 99.2545, s1.loss_bbox: 0.0882, loss: 0.1605, grad_norm: 1.7017
2026-04-07 19:46:05,083 - mmrotate - INFO - Epoch [16][300/462]	lr: 5.000e-05, eta: 0:17:39, time: 0.277, data_time: 0.070, memory: 2336, loss_rpn_cls: 0.0012, loss_rpn_bbox: 0.0035, s0.loss_cls: 0.0338, s0.acc: 98.6660, s0.loss_bbox: 0.0187, s1.loss_cls: 0.0172, s1.acc: 99.3251, s1.loss_bbox: 0.1023, loss: 0.1768, grad_norm: 1.7127
2026-04-07 19:46:19,020 - mmrotate - INFO - Epoch [16][350/462]	lr: 5.000e-05, eta: 0:17:25, time: 0.279, data_time: 0.072, memory: 2336, loss_rpn_cls: 0.0012, loss_rpn_bbox: 0.0036, s0.loss_cls: 0.0329, s0.acc: 98.6777, s0.loss_bbox: 0.0186, s1.loss_cls: 0.0171, s1.acc: 99.3353, s1.loss_bbox: 0.0977, loss: 0.1710, grad_norm: 1.7033
2026-04-07 19:46:32,847 - mmrotate - INFO - Epoch [16][400/462]	lr: 5.000e-05, eta: 0:17:12, time: 0.277, data_time: 0.070, memory: 2336, loss_rpn_cls: 0.0012, loss_rpn_bbox: 0.0032, s0.loss_cls: 0.0322, s0.acc: 98.6816, s0.loss_bbox: 0.0160, s1.loss_cls: 0.0169, s1.acc: 99.3334, s1.loss_bbox: 0.0875, loss: 0.1571, grad_norm: 1.6269
2026-04-07 19:46:46,801 - mmrotate - INFO - Epoch [16][450/462]	lr: 5.000e-05, eta: 0:16:58, time: 0.279, data_time: 0.071, memory: 2336, loss_rpn_cls: 0.0014, loss_rpn_bbox: 0.0033, s0.loss_cls: 0.0306, s0.acc: 98.7578, s0.loss_bbox: 0.0165, s1.loss_cls: 0.0172, s1.acc: 99.3388, s1.loss_bbox: 0.0882, loss: 0.1572, grad_norm: 1.5682
2026-04-07 19:46:50,160 - mmrotate - INFO - Saving checkpoint at 16 epochs
2026-04-07 19:47:12,224 - mmrotate - INFO - 
+-------------+-----+------+--------+-------+
| class       | gts | dets | recall | ap    |
+-------------+-----+------+--------+-------+
| R0402       | 366 | 385  | 0.888  | 0.799 |
| R0603       | 363 | 380  | 0.989  | 0.908 |
| LED0603     | 348 | 365  | 0.983  | 0.900 |
| R0804       | 771 | 783  | 0.988  | 0.903 |
| R2512       | 93  | 96   | 1.000  | 1.000 |
| CAP5053     | 27  | 27   | 1.000  | 1.000 |
| LQFP7070    | 21  | 27   | 0.952  | 0.905 |
| SOIC-8      | 48  | 56   | 0.958  | 0.879 |
| SOT-23      | 57  | 57   | 0.947  | 0.909 |
| TSSOP-20    | 48  | 50   | 1.000  | 1.000 |
| LED0603Flip | 69  | 69   | 0.957  | 0.886 |
+-------------+-----+------+--------+-------+
| mAP         |     |      |        | 0.917 |
+-------------+-----+------+--------+-------+
2026-04-07 19:47:12,296 - mmrotate - INFO - Exp name: roi_trans_r50_fpn_fp16_1x_dota_le90_custom.py
2026-04-07 19:47:12,297 - mmrotate - INFO - Epoch(val) [16][177]	mAP: 0.9170
2026-04-07 19:47:29,730 - mmrotate - INFO - Exp name: roi_trans_r50_fpn_fp16_1x_dota_le90_custom.py
2026-04-07 19:47:29,731 - mmrotate - INFO - Epoch(val) [16][89]	loss_rpn_cls_val: 0.0083, loss_rpn_bbox_val: 0.0069, s0.loss_cls_val: 0.0468, s0.acc_val: 98.1632, s0.loss_bbox_val: 0.0400, s1.loss_cls_val: 0.0337, s1.acc_val: 98.8437, s1.loss_bbox_val: 0.1492, loss_val: 0.2848
2026-04-07 19:47:45,810 - mmrotate - INFO - Epoch [17][50/462]	lr: 5.000e-05, eta: 0:16:41, time: 0.321, data_time: 0.112, memory: 2336, loss_rpn_cls: 0.0019, loss_rpn_bbox: 0.0032, s0.loss_cls: 0.0309, s0.acc: 98.7402, s0.loss_bbox: 0.0156, s1.loss_cls: 0.0188, s1.acc: 99.2544, s1.loss_bbox: 0.0840, loss: 0.1543, grad_norm: 1.5886
2026-04-07 19:47:59,804 - mmrotate - INFO - Epoch [17][100/462]	lr: 5.000e-05, eta: 0:16:27, time: 0.280, data_time: 0.072, memory: 2336, loss_rpn_cls: 0.0017, loss_rpn_bbox: 0.0034, s0.loss_cls: 0.0325, s0.acc: 98.7246, s0.loss_bbox: 0.0187, s1.loss_cls: 0.0167, s1.acc: 99.3437, s1.loss_bbox: 0.0939, loss: 0.1669, grad_norm: 1.6902
2026-04-07 19:48:13,738 - mmrotate - INFO - Epoch [17][150/462]	lr: 5.000e-05, eta: 0:16:13, time: 0.279, data_time: 0.072, memory: 2336, loss_rpn_cls: 0.0014, loss_rpn_bbox: 0.0027, s0.loss_cls: 0.0308, s0.acc: 98.7539, s0.loss_bbox: 0.0146, s1.loss_cls: 0.0165, s1.acc: 99.3471, s1.loss_bbox: 0.0883, loss: 0.1543, grad_norm: 1.5995
2026-04-07 19:48:27,957 - mmrotate - INFO - Epoch [17][200/462]	lr: 5.000e-05, eta: 0:16:00, time: 0.284, data_time: 0.074, memory: 2336, loss_rpn_cls: 0.0014, loss_rpn_bbox: 0.0036, s0.loss_cls: 0.0348, s0.acc: 98.5547, s0.loss_bbox: 0.0182, s1.loss_cls: 0.0215, s1.acc: 99.1079, s1.loss_bbox: 0.1024, loss: 0.1818, grad_norm: 1.7992
2026-04-07 19:48:41,960 - mmrotate - INFO - Epoch [17][250/462]	lr: 5.000e-05, eta: 0:15:46, time: 0.280, data_time: 0.071, memory: 2336, loss_rpn_cls: 0.0013, loss_rpn_bbox: 0.0034, s0.loss_cls: 0.0324, s0.acc: 98.6875, s0.loss_bbox: 0.0180, s1.loss_cls: 0.0180, s1.acc: 99.2945, s1.loss_bbox: 0.0965, loss: 0.1696, grad_norm: 1.6928
2026-04-07 19:48:55,938 - mmrotate - INFO - Epoch [17][300/462]	lr: 5.000e-05, eta: 0:15:33, time: 0.280, data_time: 0.072, memory: 2336, loss_rpn_cls: 0.0011, loss_rpn_bbox: 0.0031, s0.loss_cls: 0.0338, s0.acc: 98.6855, s0.loss_bbox: 0.0177, s1.loss_cls: 0.0176, s1.acc: 99.3353, s1.loss_bbox: 0.0957, loss: 0.1691, grad_norm: 1.6528
2026-04-07 19:49:10,007 - mmrotate - INFO - Epoch [17][350/462]	lr: 5.000e-05, eta: 0:15:19, time: 0.281, data_time: 0.074, memory: 2336, loss_rpn_cls: 0.0011, loss_rpn_bbox: 0.0031, s0.loss_cls: 0.0301, s0.acc: 98.8379, s0.loss_bbox: 0.0164, s1.loss_cls: 0.0181, s1.acc: 99.2821, s1.loss_bbox: 0.0893, loss: 0.1581, grad_norm: 1.5835
2026-04-07 19:49:24,050 - mmrotate - INFO - Epoch [17][400/462]	lr: 5.000e-05, eta: 0:15:05, time: 0.281, data_time: 0.072, memory: 2336, loss_rpn_cls: 0.0015, loss_rpn_bbox: 0.0032, s0.loss_cls: 0.0326, s0.acc: 98.6660, s0.loss_bbox: 0.0169, s1.loss_cls: 0.0173, s1.acc: 99.2891, s1.loss_bbox: 0.0902, loss: 0.1617, grad_norm: 1.6324
2026-04-07 19:49:38,105 - mmrotate - INFO - Epoch [17][450/462]	lr: 5.000e-05, eta: 0:14:52, time: 0.281, data_time: 0.071, memory: 2336, loss_rpn_cls: 0.0015, loss_rpn_bbox: 0.0033, s0.loss_cls: 0.0311, s0.acc: 98.7480, s0.loss_bbox: 0.0177, s1.loss_cls: 0.0163, s1.acc: 99.3518, s1.loss_bbox: 0.0871, loss: 0.1570, grad_norm: 1.6513
2026-04-07 19:50:02,336 - mmrotate - INFO - 
+-------------+-----+------+--------+-------+
| class       | gts | dets | recall | ap    |
+-------------+-----+------+--------+-------+
| R0402       | 366 | 384  | 0.888  | 0.804 |
| R0603       | 363 | 381  | 0.983  | 0.906 |
| LED0603     | 348 | 365  | 0.989  | 0.904 |
| R0804       | 771 | 781  | 0.981  | 0.897 |
| R2512       | 93  | 96   | 1.000  | 1.000 |
| CAP5053     | 27  | 27   | 1.000  | 1.000 |
| LQFP7070    | 21  | 27   | 1.000  | 0.984 |
| SOIC-8      | 48  | 56   | 1.000  | 1.000 |
| SOT-23      | 57  | 57   | 0.947  | 0.909 |
| TSSOP-20    | 48  | 50   | 1.000  | 1.000 |
| LED0603Flip | 69  | 69   | 0.971  | 0.899 |
+-------------+-----+------+--------+-------+
| mAP         |     |      |        | 0.937 |
+-------------+-----+------+--------+-------+
2026-04-07 19:50:02,415 - mmrotate - INFO - Exp name: roi_trans_r50_fpn_fp16_1x_dota_le90_custom.py
2026-04-07 19:50:02,415 - mmrotate - INFO - Epoch(val) [17][177]	mAP: 0.9367
2026-04-07 19:50:20,116 - mmrotate - INFO - Exp name: roi_trans_r50_fpn_fp16_1x_dota_le90_custom.py
2026-04-07 19:50:20,117 - mmrotate - INFO - Epoch(val) [17][89]	loss_rpn_cls_val: 0.0082, loss_rpn_bbox_val: 0.0067, s0.loss_cls_val: 0.0501, s0.acc_val: 98.0019, s0.loss_bbox_val: 0.0410, s1.loss_cls_val: 0.0334, s1.acc_val: 98.8742, s1.loss_bbox_val: 0.1459, loss_val: 0.2853
2026-04-07 19:50:36,611 - mmrotate - INFO - Epoch [18][50/462]	lr: 5.000e-05, eta: 0:14:35, time: 0.330, data_time: 0.111, memory: 2336, loss_rpn_cls: 0.0014, loss_rpn_bbox: 0.0030, s0.loss_cls: 0.0318, s0.acc: 98.7441, s0.loss_bbox: 0.0179, s1.loss_cls: 0.0181, s1.acc: 99.1938, s1.loss_bbox: 0.0899, loss: 0.1622, grad_norm: 1.6287
2026-04-07 19:50:51,014 - mmrotate - INFO - Epoch [18][100/462]	lr: 5.000e-05, eta: 0:14:21, time: 0.288, data_time: 0.071, memory: 2336, loss_rpn_cls: 0.0017, loss_rpn_bbox: 0.0029, s0.loss_cls: 0.0300, s0.acc: 98.7910, s0.loss_bbox: 0.0137, s1.loss_cls: 0.0164, s1.acc: 99.3545, s1.loss_bbox: 0.0802, loss: 0.1450, grad_norm: 1.4964
2026-04-07 19:51:05,357 - mmrotate - INFO - Epoch [18][150/462]	lr: 5.000e-05, eta: 0:14:08, time: 0.287, data_time: 0.071, memory: 2336, loss_rpn_cls: 0.0009, loss_rpn_bbox: 0.0031, s0.loss_cls: 0.0338, s0.acc: 98.5918, s0.loss_bbox: 0.0162, s1.loss_cls: 0.0170, s1.acc: 99.3069, s1.loss_bbox: 0.0910, loss: 0.1620, grad_norm: 1.6194
2026-04-07 19:51:20,028 - mmrotate - INFO - Epoch [18][200/462]	lr: 5.000e-05, eta: 0:13:54, time: 0.293, data_time: 0.075, memory: 2336, loss_rpn_cls: 0.0016, loss_rpn_bbox: 0.0036, s0.loss_cls: 0.0358, s0.acc: 98.5625, s0.loss_bbox: 0.0190, s1.loss_cls: 0.0200, s1.acc: 99.2149, s1.loss_bbox: 0.0960, loss: 0.1760, grad_norm: 1.7318
2026-04-07 19:51:34,664 - mmrotate - INFO - Epoch [18][250/462]	lr: 5.000e-05, eta: 0:13:41, time: 0.293, data_time: 0.075, memory: 2336, loss_rpn_cls: 0.0015, loss_rpn_bbox: 0.0034, s0.loss_cls: 0.0345, s0.acc: 98.5586, s0.loss_bbox: 0.0192, s1.loss_cls: 0.0192, s1.acc: 99.2239, s1.loss_bbox: 0.0978, loss: 0.1756, grad_norm: 1.7457
2026-04-07 19:51:49,191 - mmrotate - INFO - Epoch [18][300/462]	lr: 5.000e-05, eta: 0:13:27, time: 0.291, data_time: 0.074, memory: 2336, loss_rpn_cls: 0.0018, loss_rpn_bbox: 0.0033, s0.loss_cls: 0.0315, s0.acc: 98.7305, s0.loss_bbox: 0.0168, s1.loss_cls: 0.0171, s1.acc: 99.3209, s1.loss_bbox: 0.0939, loss: 0.1643, grad_norm: 1.6681
2026-04-07 19:52:03,774 - mmrotate - INFO - Epoch [18][350/462]	lr: 5.000e-05, eta: 0:13:14, time: 0.292, data_time: 0.075, memory: 2336, loss_rpn_cls: 0.0012, loss_rpn_bbox: 0.0030, s0.loss_cls: 0.0329, s0.acc: 98.7090, s0.loss_bbox: 0.0152, s1.loss_cls: 0.0190, s1.acc: 99.1980, s1.loss_bbox: 0.0920, loss: 0.1633, grad_norm: 1.6136
2026-04-07 19:52:18,330 - mmrotate - INFO - Epoch [18][400/462]	lr: 5.000e-05, eta: 0:13:00, time: 0.291, data_time: 0.074, memory: 2336, loss_rpn_cls: 0.0013, loss_rpn_bbox: 0.0034, s0.loss_cls: 0.0321, s0.acc: 98.6777, s0.loss_bbox: 0.0173, s1.loss_cls: 0.0189, s1.acc: 99.2714, s1.loss_bbox: 0.0994, loss: 0.1723, grad_norm: 1.6704
2026-04-07 19:52:32,926 - mmrotate - INFO - Epoch [18][450/462]	lr: 5.000e-05, eta: 0:12:47, time: 0.292, data_time: 0.074, memory: 2336, loss_rpn_cls: 0.0012, loss_rpn_bbox: 0.0030, s0.loss_cls: 0.0319, s0.acc: 98.6934, s0.loss_bbox: 0.0164, s1.loss_cls: 0.0178, s1.acc: 99.2686, s1.loss_bbox: 0.0915, loss: 0.1619, grad_norm: 1.6288
2026-04-07 19:52:36,501 - mmrotate - INFO - Saving checkpoint at 18 epochs
2026-04-07 19:52:59,044 - mmrotate - INFO - 
+-------------+-----+------+--------+-------+
| class       | gts | dets | recall | ap    |
+-------------+-----+------+--------+-------+
| R0402       | 366 | 384  | 0.896  | 0.799 |
| R0603       | 363 | 377  | 0.992  | 0.909 |
| LED0603     | 348 | 365  | 0.989  | 0.904 |
| R0804       | 771 | 784  | 0.975  | 0.895 |
| R2512       | 93  | 96   | 1.000  | 1.000 |
| CAP5053     | 27  | 27   | 1.000  | 1.000 |
| LQFP7070    | 21  | 28   | 1.000  | 0.988 |
| SOIC-8      | 48  | 56   | 1.000  | 1.000 |
| SOT-23      | 57  | 57   | 0.947  | 0.909 |
| TSSOP-20    | 48  | 49   | 1.000  | 1.000 |
| LED0603Flip | 69  | 69   | 1.000  | 1.000 |
+-------------+-----+------+--------+-------+
| mAP         |     |      |        | 0.946 |
+-------------+-----+------+--------+-------+
2026-04-07 19:52:59,127 - mmrotate - INFO - Exp name: roi_trans_r50_fpn_fp16_1x_dota_le90_custom.py
2026-04-07 19:52:59,128 - mmrotate - INFO - Epoch(val) [18][177]	mAP: 0.9459
2026-04-07 19:53:16,690 - mmrotate - INFO - Exp name: roi_trans_r50_fpn_fp16_1x_dota_le90_custom.py
2026-04-07 19:53:16,690 - mmrotate - INFO - Epoch(val) [18][89]	loss_rpn_cls_val: 0.0086, loss_rpn_bbox_val: 0.0071, s0.loss_cls_val: 0.0487, s0.acc_val: 98.1171, s0.loss_bbox_val: 0.0385, s1.loss_cls_val: 0.0332, s1.acc_val: 98.8918, s1.loss_bbox_val: 0.1458, loss_val: 0.2818
2026-04-07 19:53:33,143 - mmrotate - INFO - Epoch [19][50/462]	lr: 5.000e-05, eta: 0:12:29, time: 0.329, data_time: 0.111, memory: 2336, loss_rpn_cls: 0.0013, loss_rpn_bbox: 0.0031, s0.loss_cls: 0.0326, s0.acc: 98.6992, s0.loss_bbox: 0.0163, s1.loss_cls: 0.0185, s1.acc: 99.2373, s1.loss_bbox: 0.0911, loss: 0.1628, grad_norm: 1.6107
2026-04-07 19:53:47,484 - mmrotate - INFO - Epoch [19][100/462]	lr: 5.000e-05, eta: 0:12:16, time: 0.287, data_time: 0.071, memory: 2336, loss_rpn_cls: 0.0018, loss_rpn_bbox: 0.0033, s0.loss_cls: 0.0309, s0.acc: 98.7773, s0.loss_bbox: 0.0162, s1.loss_cls: 0.0167, s1.acc: 99.3443, s1.loss_bbox: 0.0896, loss: 0.1586, grad_norm: 1.6247
2026-04-07 19:54:01,794 - mmrotate - INFO - Epoch [19][150/462]	lr: 5.000e-05, eta: 0:12:02, time: 0.286, data_time: 0.071, memory: 2336, loss_rpn_cls: 0.0018, loss_rpn_bbox: 0.0033, s0.loss_cls: 0.0315, s0.acc: 98.7344, s0.loss_bbox: 0.0183, s1.loss_cls: 0.0173, s1.acc: 99.2882, s1.loss_bbox: 0.0980, loss: 0.1701, grad_norm: 1.7147
2026-04-07 19:54:16,221 - mmrotate - INFO - Epoch [19][200/462]	lr: 5.000e-05, eta: 0:11:49, time: 0.289, data_time: 0.073, memory: 2336, loss_rpn_cls: 0.0015, loss_rpn_bbox: 0.0029, s0.loss_cls: 0.0305, s0.acc: 98.8008, s0.loss_bbox: 0.0154, s1.loss_cls: 0.0174, s1.acc: 99.2985, s1.loss_bbox: 0.0922, loss: 0.1599, grad_norm: 1.6568
2026-04-07 19:54:30,676 - mmrotate - INFO - Epoch [19][250/462]	lr: 5.000e-05, eta: 0:11:35, time: 0.289, data_time: 0.074, memory: 2336, loss_rpn_cls: 0.0015, loss_rpn_bbox: 0.0033, s0.loss_cls: 0.0322, s0.acc: 98.7559, s0.loss_bbox: 0.0170, s1.loss_cls: 0.0173, s1.acc: 99.2984, s1.loss_bbox: 0.0930, loss: 0.1642, grad_norm: 1.6875
2026-04-07 19:54:45,365 - mmrotate - INFO - Epoch [19][300/462]	lr: 5.000e-05, eta: 0:11:22, time: 0.294, data_time: 0.076, memory: 2336, loss_rpn_cls: 0.0016, loss_rpn_bbox: 0.0040, s0.loss_cls: 0.0353, s0.acc: 98.5078, s0.loss_bbox: 0.0192, s1.loss_cls: 0.0182, s1.acc: 99.2843, s1.loss_bbox: 0.1048, loss: 0.1830, grad_norm: 1.7540
2026-04-07 19:54:59,940 - mmrotate - INFO - Epoch [19][350/462]	lr: 5.000e-05, eta: 0:11:08, time: 0.292, data_time: 0.074, memory: 2336, loss_rpn_cls: 0.0016, loss_rpn_bbox: 0.0028, s0.loss_cls: 0.0304, s0.acc: 98.7695, s0.loss_bbox: 0.0162, s1.loss_cls: 0.0167, s1.acc: 99.3620, s1.loss_bbox: 0.0923, loss: 0.1601, grad_norm: 1.6174
2026-04-07 19:55:14,672 - mmrotate - INFO - Epoch [19][400/462]	lr: 5.000e-05, eta: 0:10:54, time: 0.295, data_time: 0.077, memory: 2336, loss_rpn_cls: 0.0014, loss_rpn_bbox: 0.0030, s0.loss_cls: 0.0303, s0.acc: 98.7910, s0.loss_bbox: 0.0165, s1.loss_cls: 0.0164, s1.acc: 99.3407, s1.loss_bbox: 0.0819, loss: 0.1495, grad_norm: 1.6454
2026-04-07 19:55:29,226 - mmrotate - INFO - Epoch [19][450/462]	lr: 5.000e-05, eta: 0:10:41, time: 0.291, data_time: 0.075, memory: 2336, loss_rpn_cls: 0.0017, loss_rpn_bbox: 0.0034, s0.loss_cls: 0.0335, s0.acc: 98.6562, s0.loss_bbox: 0.0164, s1.loss_cls: 0.0191, s1.acc: 99.2466, s1.loss_bbox: 0.0970, loss: 0.1711, grad_norm: 1.6620
2026-04-07 19:55:53,713 - mmrotate - INFO - 
+-------------+-----+------+--------+-------+
| class       | gts | dets | recall | ap    |
+-------------+-----+------+--------+-------+
| R0402       | 366 | 384  | 0.891  | 0.800 |
| R0603       | 363 | 378  | 0.989  | 0.909 |
| LED0603     | 348 | 365  | 0.989  | 0.904 |
| R0804       | 771 | 782  | 0.978  | 0.896 |
| R2512       | 93  | 96   | 1.000  | 1.000 |
| CAP5053     | 27  | 27   | 1.000  | 1.000 |
| LQFP7070    | 21  | 29   | 1.000  | 0.984 |
| SOIC-8      | 48  | 56   | 1.000  | 1.000 |
| SOT-23      | 57  | 57   | 0.947  | 0.909 |
| TSSOP-20    | 48  | 49   | 1.000  | 1.000 |
| LED0603Flip | 69  | 69   | 0.971  | 0.899 |
+-------------+-----+------+--------+-------+
| mAP         |     |      |        | 0.936 |
+-------------+-----+------+--------+-------+
2026-04-07 19:55:53,788 - mmrotate - INFO - Exp name: roi_trans_r50_fpn_fp16_1x_dota_le90_custom.py
2026-04-07 19:55:53,788 - mmrotate - INFO - Epoch(val) [19][177]	mAP: 0.9364
2026-04-07 19:56:11,567 - mmrotate - INFO - Exp name: roi_trans_r50_fpn_fp16_1x_dota_le90_custom.py
2026-04-07 19:56:11,568 - mmrotate - INFO - Epoch(val) [19][89]	loss_rpn_cls_val: 0.0085, loss_rpn_bbox_val: 0.0069, s0.loss_cls_val: 0.0488, s0.acc_val: 98.0919, s0.loss_bbox_val: 0.0397, s1.loss_cls_val: 0.0326, s1.acc_val: 98.8890, s1.loss_bbox_val: 0.1469, loss_val: 0.2834
2026-04-07 19:56:27,914 - mmrotate - INFO - Epoch [20][50/462]	lr: 5.000e-05, eta: 0:10:23, time: 0.327, data_time: 0.110, memory: 2336, loss_rpn_cls: 0.0013, loss_rpn_bbox: 0.0025, s0.loss_cls: 0.0279, s0.acc: 98.8867, s0.loss_bbox: 0.0129, s1.loss_cls: 0.0164, s1.acc: 99.3315, s1.loss_bbox: 0.0766, loss: 0.1376, grad_norm: 1.4778
2026-04-07 19:56:42,259 - mmrotate - INFO - Epoch [20][100/462]	lr: 5.000e-05, eta: 0:10:10, time: 0.287, data_time: 0.071, memory: 2336, loss_rpn_cls: 0.0016, loss_rpn_bbox: 0.0030, s0.loss_cls: 0.0337, s0.acc: 98.6836, s0.loss_bbox: 0.0166, s1.loss_cls: 0.0174, s1.acc: 99.2912, s1.loss_bbox: 0.0904, loss: 0.1626, grad_norm: 1.6409
2026-04-07 19:56:56,604 - mmrotate - INFO - Epoch [20][150/462]	lr: 5.000e-05, eta: 0:09:56, time: 0.287, data_time: 0.072, memory: 2336, loss_rpn_cls: 0.0017, loss_rpn_bbox: 0.0038, s0.loss_cls: 0.0360, s0.acc: 98.5820, s0.loss_bbox: 0.0192, s1.loss_cls: 0.0182, s1.acc: 99.2822, s1.loss_bbox: 0.1089, loss: 0.1878, grad_norm: 1.8204
2026-04-07 19:57:11,181 - mmrotate - INFO - Epoch [20][200/462]	lr: 5.000e-05, eta: 0:09:43, time: 0.292, data_time: 0.074, memory: 2336, loss_rpn_cls: 0.0011, loss_rpn_bbox: 0.0035, s0.loss_cls: 0.0333, s0.acc: 98.6426, s0.loss_bbox: 0.0194, s1.loss_cls: 0.0175, s1.acc: 99.3239, s1.loss_bbox: 0.1018, loss: 0.1766, grad_norm: 1.7778
2026-04-07 19:57:25,749 - mmrotate - INFO - Epoch [20][250/462]	lr: 5.000e-05, eta: 0:09:29, time: 0.291, data_time: 0.074, memory: 2336, loss_rpn_cls: 0.0010, loss_rpn_bbox: 0.0032, s0.loss_cls: 0.0322, s0.acc: 98.7324, s0.loss_bbox: 0.0171, s1.loss_cls: 0.0180, s1.acc: 99.2643, s1.loss_bbox: 0.0893, loss: 0.1608, grad_norm: 1.6129
2026-04-07 19:57:40,231 - mmrotate - INFO - Epoch [20][300/462]	lr: 5.000e-05, eta: 0:09:15, time: 0.290, data_time: 0.073, memory: 2336, loss_rpn_cls: 0.0011, loss_rpn_bbox: 0.0031, s0.loss_cls: 0.0322, s0.acc: 98.6465, s0.loss_bbox: 0.0168, s1.loss_cls: 0.0165, s1.acc: 99.3439, s1.loss_bbox: 0.0827, loss: 0.1525, grad_norm: 1.5983
2026-04-07 19:57:54,338 - mmrotate - INFO - Epoch [20][350/462]	lr: 5.000e-05, eta: 0:09:01, time: 0.282, data_time: 0.073, memory: 2336, loss_rpn_cls: 0.0019, loss_rpn_bbox: 0.0028, s0.loss_cls: 0.0308, s0.acc: 98.7207, s0.loss_bbox: 0.0157, s1.loss_cls: 0.0176, s1.acc: 99.3004, s1.loss_bbox: 0.0854, loss: 0.1542, grad_norm: 1.6352
2026-04-07 19:58:08,601 - mmrotate - INFO - Epoch [20][400/462]	lr: 5.000e-05, eta: 0:08:48, time: 0.285, data_time: 0.073, memory: 2336, loss_rpn_cls: 0.0010, loss_rpn_bbox: 0.0032, s0.loss_cls: 0.0302, s0.acc: 98.8340, s0.loss_bbox: 0.0162, s1.loss_cls: 0.0186, s1.acc: 99.2756, s1.loss_bbox: 0.0932, loss: 0.1624, grad_norm: 1.6095
2026-04-07 19:58:28,878 - mmrotate - INFO - Epoch [20][450/462]	lr: 5.000e-05, eta: 0:08:35, time: 0.405, data_time: 0.137, memory: 2336, loss_rpn_cls: 0.0015, loss_rpn_bbox: 0.0037, s0.loss_cls: 0.0346, s0.acc: 98.5820, s0.loss_bbox: 0.0179, s1.loss_cls: 0.0195, s1.acc: 99.2242, s1.loss_bbox: 0.1008, loss: 0.1780, grad_norm: 1.8024
2026-04-07 19:58:34,854 - mmrotate - INFO - Saving checkpoint at 20 epochs
2026-04-07 19:59:12,363 - mmrotate - INFO - 
+-------------+-----+------+--------+-------+
| class       | gts | dets | recall | ap    |
+-------------+-----+------+--------+-------+
| R0402       | 366 | 384  | 0.891  | 0.800 |
| R0603       | 363 | 379  | 0.992  | 0.909 |
| LED0603     | 348 | 365  | 0.989  | 0.904 |
| R0804       | 771 | 781  | 0.975  | 0.895 |
| R2512       | 93  | 96   | 1.000  | 1.000 |
| CAP5053     | 27  | 27   | 1.000  | 1.000 |
| LQFP7070    | 21  | 30   | 0.952  | 0.901 |
| SOIC-8      | 48  | 56   | 0.958  | 0.879 |
| SOT-23      | 57  | 57   | 0.947  | 0.909 |
| TSSOP-20    | 48  | 49   | 1.000  | 1.000 |
| LED0603Flip | 69  | 69   | 1.000  | 1.000 |
+-------------+-----+------+--------+-------+
| mAP         |     |      |        | 0.927 |
+-------------+-----+------+--------+-------+
2026-04-07 19:59:12,436 - mmrotate - INFO - Exp name: roi_trans_r50_fpn_fp16_1x_dota_le90_custom.py
2026-04-07 19:59:12,437 - mmrotate - INFO - Epoch(val) [20][177]	mAP: 0.9270
2026-04-07 19:59:46,159 - mmrotate - INFO - Exp name: roi_trans_r50_fpn_fp16_1x_dota_le90_custom.py
2026-04-07 19:59:46,160 - mmrotate - INFO - Epoch(val) [20][89]	loss_rpn_cls_val: 0.0087, loss_rpn_bbox_val: 0.0066, s0.loss_cls_val: 0.0490, s0.acc_val: 98.0886, s0.loss_bbox_val: 0.0397, s1.loss_cls_val: 0.0332, s1.acc_val: 98.8695, s1.loss_bbox_val: 0.1473, loss_val: 0.2845
2026-04-07 20:00:11,896 - mmrotate - INFO - Epoch [21][50/462]	lr: 5.000e-05, eta: 0:08:20, time: 0.514, data_time: 0.204, memory: 2336, loss_rpn_cls: 0.0016, loss_rpn_bbox: 0.0031, s0.loss_cls: 0.0334, s0.acc: 98.6504, s0.loss_bbox: 0.0171, s1.loss_cls: 0.0197, s1.acc: 99.2074, s1.loss_bbox: 0.0927, loss: 0.1676, grad_norm: 1.7152
2026-04-07 20:00:34,653 - mmrotate - INFO - Epoch [21][100/462]	lr: 5.000e-05, eta: 0:08:07, time: 0.455, data_time: 0.159, memory: 2336, loss_rpn_cls: 0.0015, loss_rpn_bbox: 0.0029, s0.loss_cls: 0.0311, s0.acc: 98.7852, s0.loss_bbox: 0.0154, s1.loss_cls: 0.0181, s1.acc: 99.2072, s1.loss_bbox: 0.0902, loss: 0.1592, grad_norm: 1.6669
2026-04-07 20:00:49,922 - mmrotate - INFO - Epoch [21][150/462]	lr: 5.000e-05, eta: 0:07:54, time: 0.305, data_time: 0.085, memory: 2336, loss_rpn_cls: 0.0015, loss_rpn_bbox: 0.0030, s0.loss_cls: 0.0321, s0.acc: 98.7012, s0.loss_bbox: 0.0162, s1.loss_cls: 0.0167, s1.acc: 99.3319, s1.loss_bbox: 0.0872, loss: 0.1567, grad_norm: 1.6554
2026-04-07 20:01:03,795 - mmrotate - INFO - Epoch [21][200/462]	lr: 5.000e-05, eta: 0:07:40, time: 0.277, data_time: 0.071, memory: 2336, loss_rpn_cls: 0.0013, loss_rpn_bbox: 0.0033, s0.loss_cls: 0.0291, s0.acc: 98.8438, s0.loss_bbox: 0.0152, s1.loss_cls: 0.0173, s1.acc: 99.3445, s1.loss_bbox: 0.0857, loss: 0.1519, grad_norm: 1.6353
2026-04-07 20:01:17,784 - mmrotate - INFO - Epoch [21][250/462]	lr: 5.000e-05, eta: 0:07:26, time: 0.280, data_time: 0.070, memory: 2336, loss_rpn_cls: 0.0017, loss_rpn_bbox: 0.0042, s0.loss_cls: 0.0370, s0.acc: 98.5098, s0.loss_bbox: 0.0180, s1.loss_cls: 0.0204, s1.acc: 99.2098, s1.loss_bbox: 0.1055, loss: 0.1867, grad_norm: 1.7527
2026-04-07 20:01:31,447 - mmrotate - INFO - Epoch [21][300/462]	lr: 5.000e-05, eta: 0:07:12, time: 0.273, data_time: 0.069, memory: 2336, loss_rpn_cls: 0.0013, loss_rpn_bbox: 0.0030, s0.loss_cls: 0.0302, s0.acc: 98.7656, s0.loss_bbox: 0.0171, s1.loss_cls: 0.0165, s1.acc: 99.3988, s1.loss_bbox: 0.0869, loss: 0.1550, grad_norm: 1.6473
2026-04-07 20:01:45,279 - mmrotate - INFO - Epoch [21][350/462]	lr: 5.000e-05, eta: 0:06:58, time: 0.277, data_time: 0.069, memory: 2336, loss_rpn_cls: 0.0016, loss_rpn_bbox: 0.0037, s0.loss_cls: 0.0335, s0.acc: 98.6641, s0.loss_bbox: 0.0181, s1.loss_cls: 0.0187, s1.acc: 99.2527, s1.loss_bbox: 0.1043, loss: 0.1799, grad_norm: 1.7832
2026-04-07 20:01:59,020 - mmrotate - INFO - Epoch [21][400/462]	lr: 5.000e-05, eta: 0:06:44, time: 0.275, data_time: 0.068, memory: 2336, loss_rpn_cls: 0.0011, loss_rpn_bbox: 0.0029, s0.loss_cls: 0.0282, s0.acc: 98.8672, s0.loss_bbox: 0.0161, s1.loss_cls: 0.0160, s1.acc: 99.3596, s1.loss_bbox: 0.0882, loss: 0.1526, grad_norm: 1.5538
2026-04-07 20:02:12,728 - mmrotate - INFO - Epoch [21][450/462]	lr: 5.000e-05, eta: 0:06:30, time: 0.274, data_time: 0.069, memory: 2336, loss_rpn_cls: 0.0019, loss_rpn_bbox: 0.0033, s0.loss_cls: 0.0330, s0.acc: 98.6602, s0.loss_bbox: 0.0180, s1.loss_cls: 0.0189, s1.acc: 99.2268, s1.loss_bbox: 0.0918, loss: 0.1669, grad_norm: 1.6744
2026-04-07 20:02:36,003 - mmrotate - INFO - 
+-------------+-----+------+--------+-------+
| class       | gts | dets | recall | ap    |
+-------------+-----+------+--------+-------+
| R0402       | 366 | 384  | 0.888  | 0.798 |
| R0603       | 363 | 379  | 0.994  | 0.909 |
| LED0603     | 348 | 365  | 0.983  | 0.900 |
| R0804       | 771 | 781  | 0.982  | 0.900 |
| R2512       | 93  | 96   | 1.000  | 1.000 |
| CAP5053     | 27  | 27   | 1.000  | 1.000 |
| LQFP7070    | 21  | 29   | 0.952  | 0.901 |
| SOIC-8      | 48  | 56   | 0.958  | 0.879 |
| SOT-23      | 57  | 57   | 0.930  | 0.907 |
| TSSOP-20    | 48  | 49   | 1.000  | 1.000 |
| LED0603Flip | 69  | 69   | 1.000  | 1.000 |
+-------------+-----+------+--------+-------+
| mAP         |     |      |        | 0.927 |
+-------------+-----+------+--------+-------+
2026-04-07 20:02:36,085 - mmrotate - INFO - Exp name: roi_trans_r50_fpn_fp16_1x_dota_le90_custom.py
2026-04-07 20:02:36,085 - mmrotate - INFO - Epoch(val) [21][177]	mAP: 0.9268
2026-04-07 20:02:53,208 - mmrotate - INFO - Exp name: roi_trans_r50_fpn_fp16_1x_dota_le90_custom.py
2026-04-07 20:02:53,209 - mmrotate - INFO - Epoch(val) [21][89]	loss_rpn_cls_val: 0.0090, loss_rpn_bbox_val: 0.0071, s0.loss_cls_val: 0.0481, s0.acc_val: 98.1456, s0.loss_bbox_val: 0.0387, s1.loss_cls_val: 0.0330, s1.acc_val: 98.8334, s1.loss_bbox_val: 0.1447, loss_val: 0.2805
2026-04-07 20:03:09,092 - mmrotate - INFO - Epoch [22][50/462]	lr: 5.000e-05, eta: 0:06:12, time: 0.317, data_time: 0.110, memory: 2336, loss_rpn_cls: 0.0017, loss_rpn_bbox: 0.0032, s0.loss_cls: 0.0326, s0.acc: 98.7578, s0.loss_bbox: 0.0167, s1.loss_cls: 0.0206, s1.acc: 99.1739, s1.loss_bbox: 0.0952, loss: 0.1699, grad_norm: 1.6589
2026-04-07 20:03:22,825 - mmrotate - INFO - Epoch [22][100/462]	lr: 5.000e-05, eta: 0:05:58, time: 0.275, data_time: 0.070, memory: 2336, loss_rpn_cls: 0.0017, loss_rpn_bbox: 0.0032, s0.loss_cls: 0.0298, s0.acc: 98.8535, s0.loss_bbox: 0.0175, s1.loss_cls: 0.0170, s1.acc: 99.3392, s1.loss_bbox: 0.0966, loss: 0.1659, grad_norm: 1.6514
2026-04-07 20:03:36,514 - mmrotate - INFO - Epoch [22][150/462]	lr: 5.000e-05, eta: 0:05:44, time: 0.274, data_time: 0.070, memory: 2336, loss_rpn_cls: 0.0012, loss_rpn_bbox: 0.0027, s0.loss_cls: 0.0290, s0.acc: 98.8516, s0.loss_bbox: 0.0130, s1.loss_cls: 0.0164, s1.acc: 99.3431, s1.loss_bbox: 0.0775, loss: 0.1398, grad_norm: 1.5075
2026-04-07 20:03:50,273 - mmrotate - INFO - Epoch [22][200/462]	lr: 5.000e-05, eta: 0:05:30, time: 0.275, data_time: 0.068, memory: 2336, loss_rpn_cls: 0.0012, loss_rpn_bbox: 0.0025, s0.loss_cls: 0.0257, s0.acc: 98.9961, s0.loss_bbox: 0.0141, s1.loss_cls: 0.0152, s1.acc: 99.3265, s1.loss_bbox: 0.0755, loss: 0.1341, grad_norm: 1.5093
2026-04-07 20:04:03,942 - mmrotate - INFO - Epoch [22][250/462]	lr: 5.000e-05, eta: 0:05:16, time: 0.273, data_time: 0.067, memory: 2336, loss_rpn_cls: 0.0012, loss_rpn_bbox: 0.0038, s0.loss_cls: 0.0363, s0.acc: 98.5176, s0.loss_bbox: 0.0192, s1.loss_cls: 0.0186, s1.acc: 99.2329, s1.loss_bbox: 0.1054, loss: 0.1846, grad_norm: 1.7090
2026-04-07 20:04:17,621 - mmrotate - INFO - Epoch [22][300/462]	lr: 5.000e-05, eta: 0:05:02, time: 0.274, data_time: 0.069, memory: 2336, loss_rpn_cls: 0.0017, loss_rpn_bbox: 0.0034, s0.loss_cls: 0.0319, s0.acc: 98.6895, s0.loss_bbox: 0.0184, s1.loss_cls: 0.0195, s1.acc: 99.2196, s1.loss_bbox: 0.0946, loss: 0.1696, grad_norm: 1.6883
2026-04-07 20:04:31,348 - mmrotate - INFO - Epoch [22][350/462]	lr: 5.000e-05, eta: 0:04:48, time: 0.275, data_time: 0.069, memory: 2336, loss_rpn_cls: 0.0020, loss_rpn_bbox: 0.0034, s0.loss_cls: 0.0317, s0.acc: 98.6875, s0.loss_bbox: 0.0163, s1.loss_cls: 0.0191, s1.acc: 99.2037, s1.loss_bbox: 0.0932, loss: 0.1657, grad_norm: inf
2026-04-07 20:04:45,061 - mmrotate - INFO - Epoch [22][400/462]	lr: 5.000e-05, eta: 0:04:34, time: 0.274, data_time: 0.068, memory: 2336, loss_rpn_cls: 0.0023, loss_rpn_bbox: 0.0030, s0.loss_cls: 0.0325, s0.acc: 98.7207, s0.loss_bbox: 0.0168, s1.loss_cls: 0.0174, s1.acc: 99.2832, s1.loss_bbox: 0.0967, loss: 0.1687, grad_norm: 1.6552
2026-04-07 20:04:58,794 - mmrotate - INFO - Epoch [22][450/462]	lr: 5.000e-05, eta: 0:04:20, time: 0.275, data_time: 0.069, memory: 2336, loss_rpn_cls: 0.0013, loss_rpn_bbox: 0.0033, s0.loss_cls: 0.0328, s0.acc: 98.6641, s0.loss_bbox: 0.0161, s1.loss_cls: 0.0190, s1.acc: 99.2375, s1.loss_bbox: 0.0997, loss: 0.1723, grad_norm: 1.7243
2026-04-07 20:05:02,097 - mmrotate - INFO - Saving checkpoint at 22 epochs
2026-04-07 20:05:23,616 - mmrotate - INFO - 
+-------------+-----+------+--------+-------+
| class       | gts | dets | recall | ap    |
+-------------+-----+------+--------+-------+
| R0402       | 366 | 384  | 0.891  | 0.799 |
| R0603       | 363 | 377  | 0.994  | 0.909 |
| LED0603     | 348 | 365  | 0.989  | 0.904 |
| R0804       | 771 | 781  | 0.979  | 0.898 |
| R2512       | 93  | 96   | 1.000  | 1.000 |
| CAP5053     | 27  | 27   | 1.000  | 1.000 |
| LQFP7070    | 21  | 29   | 0.952  | 0.905 |
| SOIC-8      | 48  | 56   | 1.000  | 1.000 |
| SOT-23      | 57  | 57   | 0.947  | 0.909 |
| TSSOP-20    | 48  | 49   | 1.000  | 1.000 |
| LED0603Flip | 69  | 69   | 0.971  | 0.899 |
+-------------+-----+------+--------+-------+
| mAP         |     |      |        | 0.929 |
+-------------+-----+------+--------+-------+
2026-04-07 20:05:23,698 - mmrotate - INFO - Exp name: roi_trans_r50_fpn_fp16_1x_dota_le90_custom.py
2026-04-07 20:05:23,698 - mmrotate - INFO - Epoch(val) [22][177]	mAP: 0.9294
2026-04-07 20:05:40,980 - mmrotate - INFO - Exp name: roi_trans_r50_fpn_fp16_1x_dota_le90_custom.py
2026-04-07 20:05:40,980 - mmrotate - INFO - Epoch(val) [22][89]	loss_rpn_cls_val: 0.0083, loss_rpn_bbox_val: 0.0068, s0.loss_cls_val: 0.0472, s0.acc_val: 98.1401, s0.loss_bbox_val: 0.0394, s1.loss_cls_val: 0.0295, s1.acc_val: 98.9565, s1.loss_bbox_val: 0.1460, loss_val: 0.2773
2026-04-07 20:05:56,758 - mmrotate - INFO - Epoch [23][50/462]	lr: 5.000e-05, eta: 0:04:03, time: 0.315, data_time: 0.109, memory: 2336, loss_rpn_cls: 0.0017, loss_rpn_bbox: 0.0029, s0.loss_cls: 0.0314, s0.acc: 98.7754, s0.loss_bbox: 0.0157, s1.loss_cls: 0.0162, s1.acc: 99.3873, s1.loss_bbox: 0.0903, loss: 0.1580, grad_norm: 1.6174
2026-04-07 20:06:10,402 - mmrotate - INFO - Epoch [23][100/462]	lr: 5.000e-05, eta: 0:03:49, time: 0.273, data_time: 0.068, memory: 2336, loss_rpn_cls: 0.0016, loss_rpn_bbox: 0.0034, s0.loss_cls: 0.0291, s0.acc: 98.8516, s0.loss_bbox: 0.0166, s1.loss_cls: 0.0176, s1.acc: 99.2877, s1.loss_bbox: 0.0878, loss: 0.1562, grad_norm: 1.6022
2026-04-07 20:06:24,073 - mmrotate - INFO - Epoch [23][150/462]	lr: 5.000e-05, eta: 0:03:35, time: 0.273, data_time: 0.069, memory: 2336, loss_rpn_cls: 0.0012, loss_rpn_bbox: 0.0037, s0.loss_cls: 0.0339, s0.acc: 98.6621, s0.loss_bbox: 0.0180, s1.loss_cls: 0.0187, s1.acc: 99.2445, s1.loss_bbox: 0.1031, loss: 0.1786, grad_norm: 1.7747
2026-04-07 20:06:37,904 - mmrotate - INFO - Epoch [23][200/462]	lr: 5.000e-05, eta: 0:03:21, time: 0.277, data_time: 0.069, memory: 2336, loss_rpn_cls: 0.0016, loss_rpn_bbox: 0.0028, s0.loss_cls: 0.0286, s0.acc: 98.8652, s0.loss_bbox: 0.0151, s1.loss_cls: 0.0145, s1.acc: 99.4446, s1.loss_bbox: 0.0825, loss: 0.1453, grad_norm: 1.5250
2026-04-07 20:06:51,691 - mmrotate - INFO - Epoch [23][250/462]	lr: 5.000e-05, eta: 0:03:07, time: 0.276, data_time: 0.070, memory: 2336, loss_rpn_cls: 0.0014, loss_rpn_bbox: 0.0036, s0.loss_cls: 0.0328, s0.acc: 98.7012, s0.loss_bbox: 0.0195, s1.loss_cls: 0.0184, s1.acc: 99.2787, s1.loss_bbox: 0.0983, loss: 0.1740, grad_norm: 1.7498
2026-04-07 20:07:05,379 - mmrotate - INFO - Epoch [23][300/462]	lr: 5.000e-05, eta: 0:02:53, time: 0.274, data_time: 0.069, memory: 2336, loss_rpn_cls: 0.0014, loss_rpn_bbox: 0.0028, s0.loss_cls: 0.0323, s0.acc: 98.7129, s0.loss_bbox: 0.0153, s1.loss_cls: 0.0168, s1.acc: 99.3488, s1.loss_bbox: 0.0862, loss: 0.1548, grad_norm: 1.6413
2026-04-07 20:07:19,206 - mmrotate - INFO - Epoch [23][350/462]	lr: 5.000e-05, eta: 0:02:39, time: 0.276, data_time: 0.070, memory: 2336, loss_rpn_cls: 0.0013, loss_rpn_bbox: 0.0039, s0.loss_cls: 0.0346, s0.acc: 98.5488, s0.loss_bbox: 0.0184, s1.loss_cls: 0.0184, s1.acc: 99.2516, s1.loss_bbox: 0.1006, loss: 0.1770, grad_norm: 1.8068
2026-04-07 20:07:33,052 - mmrotate - INFO - Epoch [23][400/462]	lr: 5.000e-05, eta: 0:02:25, time: 0.277, data_time: 0.070, memory: 2336, loss_rpn_cls: 0.0012, loss_rpn_bbox: 0.0030, s0.loss_cls: 0.0311, s0.acc: 98.7344, s0.loss_bbox: 0.0157, s1.loss_cls: 0.0187, s1.acc: 99.2441, s1.loss_bbox: 0.0905, loss: 0.1602, grad_norm: 1.6544
2026-04-07 20:07:46,737 - mmrotate - INFO - Epoch [23][450/462]	lr: 5.000e-05, eta: 0:02:12, time: 0.274, data_time: 0.068, memory: 2336, loss_rpn_cls: 0.0013, loss_rpn_bbox: 0.0032, s0.loss_cls: 0.0319, s0.acc: 98.7207, s0.loss_bbox: 0.0173, s1.loss_cls: 0.0190, s1.acc: 99.2136, s1.loss_bbox: 0.0909, loss: 0.1635, grad_norm: 1.6958
2026-04-07 20:08:09,937 - mmrotate - INFO - 
+-------------+-----+------+--------+-------+
| class       | gts | dets | recall | ap    |
+-------------+-----+------+--------+-------+
| R0402       | 366 | 384  | 0.896  | 0.804 |
| R0603       | 363 | 373  | 0.986  | 0.905 |
| LED0603     | 348 | 365  | 0.989  | 0.904 |
| R0804       | 771 | 781  | 0.977  | 0.898 |
| R2512       | 93  | 96   | 1.000  | 1.000 |
| CAP5053     | 27  | 27   | 1.000  | 1.000 |
| LQFP7070    | 21  | 30   | 1.000  | 0.988 |
| SOIC-8      | 48  | 55   | 1.000  | 1.000 |
| SOT-23      | 57  | 57   | 0.912  | 0.904 |
| TSSOP-20    | 48  | 49   | 1.000  | 1.000 |
| LED0603Flip | 69  | 69   | 0.971  | 0.899 |
+-------------+-----+------+--------+-------+
| mAP         |     |      |        | 0.937 |
+-------------+-----+------+--------+-------+
2026-04-07 20:08:10,012 - mmrotate - INFO - Exp name: roi_trans_r50_fpn_fp16_1x_dota_le90_custom.py
2026-04-07 20:08:10,012 - mmrotate - INFO - Epoch(val) [23][177]	mAP: 0.9365
2026-04-07 20:08:27,251 - mmrotate - INFO - Exp name: roi_trans_r50_fpn_fp16_1x_dota_le90_custom.py
2026-04-07 20:08:27,251 - mmrotate - INFO - Epoch(val) [23][89]	loss_rpn_cls_val: 0.0086, loss_rpn_bbox_val: 0.0067, s0.loss_cls_val: 0.0490, s0.acc_val: 98.0414, s0.loss_bbox_val: 0.0399, s1.loss_cls_val: 0.0328, s1.acc_val: 98.9222, s1.loss_bbox_val: 0.1451, loss_val: 0.2820
2026-04-07 20:08:42,897 - mmrotate - INFO - Epoch [24][50/462]	lr: 5.000e-05, eta: 0:01:54, time: 0.313, data_time: 0.109, memory: 2336, loss_rpn_cls: 0.0017, loss_rpn_bbox: 0.0033, s0.loss_cls: 0.0325, s0.acc: 98.7070, s0.loss_bbox: 0.0177, s1.loss_cls: 0.0176, s1.acc: 99.3112, s1.loss_bbox: 0.0966, loss: 0.1694, grad_norm: 1.6695
2026-04-07 20:08:56,640 - mmrotate - INFO - Epoch [24][100/462]	lr: 5.000e-05, eta: 0:01:40, time: 0.275, data_time: 0.069, memory: 2336, loss_rpn_cls: 0.0017, loss_rpn_bbox: 0.0037, s0.loss_cls: 0.0314, s0.acc: 98.6895, s0.loss_bbox: 0.0178, s1.loss_cls: 0.0176, s1.acc: 99.3220, s1.loss_bbox: 0.0975, loss: 0.1698, grad_norm: 1.6445
2026-04-07 20:09:10,314 - mmrotate - INFO - Epoch [24][150/462]	lr: 5.000e-05, eta: 0:01:26, time: 0.273, data_time: 0.068, memory: 2336, loss_rpn_cls: 0.0016, loss_rpn_bbox: 0.0032, s0.loss_cls: 0.0309, s0.acc: 98.7832, s0.loss_bbox: 0.0159, s1.loss_cls: 0.0176, s1.acc: 99.3061, s1.loss_bbox: 0.0911, loss: 0.1602, grad_norm: 1.6289
2026-04-07 20:09:24,164 - mmrotate - INFO - Epoch [24][200/462]	lr: 5.000e-05, eta: 0:01:12, time: 0.277, data_time: 0.070, memory: 2336, loss_rpn_cls: 0.0014, loss_rpn_bbox: 0.0034, s0.loss_cls: 0.0351, s0.acc: 98.5898, s0.loss_bbox: 0.0174, s1.loss_cls: 0.0194, s1.acc: 99.2559, s1.loss_bbox: 0.0991, loss: 0.1757, grad_norm: 1.6686
2026-04-07 20:09:37,862 - mmrotate - INFO - Epoch [24][250/462]	lr: 5.000e-05, eta: 0:00:59, time: 0.274, data_time: 0.069, memory: 2336, loss_rpn_cls: 0.0012, loss_rpn_bbox: 0.0032, s0.loss_cls: 0.0319, s0.acc: 98.7324, s0.loss_bbox: 0.0168, s1.loss_cls: 0.0178, s1.acc: 99.2331, s1.loss_bbox: 0.0930, loss: 0.1639, grad_norm: 1.6928
2026-04-07 20:09:51,725 - mmrotate - INFO - Epoch [24][300/462]	lr: 5.000e-05, eta: 0:00:45, time: 0.277, data_time: 0.070, memory: 2336, loss_rpn_cls: 0.0012, loss_rpn_bbox: 0.0030, s0.loss_cls: 0.0304, s0.acc: 98.8340, s0.loss_bbox: 0.0156, s1.loss_cls: 0.0158, s1.acc: 99.3621, s1.loss_bbox: 0.0817, loss: 0.1478, grad_norm: 1.5637
2026-04-07 20:10:05,394 - mmrotate - INFO - Epoch [24][350/462]	lr: 5.000e-05, eta: 0:00:31, time: 0.273, data_time: 0.069, memory: 2336, loss_rpn_cls: 0.0013, loss_rpn_bbox: 0.0034, s0.loss_cls: 0.0329, s0.acc: 98.7598, s0.loss_bbox: 0.0175, s1.loss_cls: 0.0186, s1.acc: 99.2349, s1.loss_bbox: 0.0960, loss: 0.1697, grad_norm: 1.7654
2026-04-07 20:10:19,125 - mmrotate - INFO - Epoch [24][400/462]	lr: 5.000e-05, eta: 0:00:17, time: 0.275, data_time: 0.070, memory: 2336, loss_rpn_cls: 0.0014, loss_rpn_bbox: 0.0023, s0.loss_cls: 0.0258, s0.acc: 98.9316, s0.loss_bbox: 0.0137, s1.loss_cls: 0.0138, s1.acc: 99.4580, s1.loss_bbox: 0.0713, loss: 0.1282, grad_norm: 1.4483
2026-04-07 20:10:32,954 - mmrotate - INFO - Epoch [24][450/462]	lr: 5.000e-05, eta: 0:00:03, time: 0.277, data_time: 0.071, memory: 2336, loss_rpn_cls: 0.0016, loss_rpn_bbox: 0.0032, s0.loss_cls: 0.0314, s0.acc: 98.7207, s0.loss_bbox: 0.0173, s1.loss_cls: 0.0186, s1.acc: 99.2974, s1.loss_bbox: 0.0929, loss: 0.1651, grad_norm: 1.7217
2026-04-07 20:10:36,289 - mmrotate - INFO - Saving checkpoint at 24 epochs
2026-04-07 20:10:57,735 - mmrotate - INFO - 
+-------------+-----+------+--------+-------+
| class       | gts | dets | recall | ap    |
+-------------+-----+------+--------+-------+
| R0402       | 366 | 381  | 0.896  | 0.803 |
| R0603       | 363 | 371  | 0.992  | 0.907 |
| LED0603     | 348 | 365  | 0.989  | 0.904 |
| R0804       | 771 | 781  | 0.982  | 0.900 |
| R2512       | 93  | 96   | 1.000  | 1.000 |
| CAP5053     | 27  | 27   | 1.000  | 1.000 |
| LQFP7070    | 21  | 30   | 1.000  | 0.984 |
| SOIC-8      | 48  | 56   | 0.958  | 0.909 |
| SOT-23      | 57  | 57   | 0.912  | 0.902 |
| TSSOP-20    | 48  | 49   | 1.000  | 1.000 |
| LED0603Flip | 69  | 69   | 1.000  | 1.000 |
+-------------+-----+------+--------+-------+
| mAP         |     |      |        | 0.937 |
+-------------+-----+------+--------+-------+
2026-04-07 20:10:57,820 - mmrotate - INFO - Exp name: roi_trans_r50_fpn_fp16_1x_dota_le90_custom.py
2026-04-07 20:10:57,820 - mmrotate - INFO - Epoch(val) [24][177]	mAP: 0.9373
2026-04-07 20:11:15,035 - mmrotate - INFO - Exp name: roi_trans_r50_fpn_fp16_1x_dota_le90_custom.py
2026-04-07 20:11:15,035 - mmrotate - INFO - Epoch(val) [24][89]	loss_rpn_cls_val: 0.0090, loss_rpn_bbox_val: 0.0067, s0.loss_cls_val: 0.0512, s0.acc_val: 97.9591, s0.loss_bbox_val: 0.0395, s1.loss_cls_val: 0.0334, s1.acc_val: 98.8691, s1.loss_bbox_val: 0.1435, loss_val: 0.2832
