2026-04-10 19:47:24,459 - mmrotate - INFO - Environment info:
------------------------------------------------------------
sys.platform: win32
Python: 3.9.25 (main, Nov  3 2025, 22:44:01) [MSC v.1929 64 bit (AMD64)]
CUDA available: True
GPU 0: NVIDIA GeForce RTX 5060
CUDA_HOME: C:\Program Files\NVIDIA GPU Computing Toolkit\CUDA\v12.8
NVCC: Cuda compilation tools, release 12.8, V12.8.61
MSVC: 用于 x64 的 Microsoft (R) C/C++ 优化编译器 19.42.34444 版
GCC: n/a
PyTorch: 2.8.0+cu128
PyTorch compiling details: PyTorch built with:
  - C++ Version: 201703
  - MSVC 193833145
  - Intel(R) oneAPI Math Kernel Library Version 2025.2-Product Build 20250620 for Intel(R) 64 architecture applications
  - Intel(R) MKL-DNN v3.7.1 (Git Hash 8d263e693366ef8db40acc569cc7d8edf644556d)
  - OpenMP 2019
  - LAPACK is enabled (usually provided by MKL)
  - CPU capability usage: AVX2
  - CUDA Runtime 12.8
  - NVCC architecture flags: -gencode;arch=compute_61,code=sm_61;-gencode;arch=compute_70,code=sm_70;-gencode;arch=compute_75,code=sm_75;-gencode;arch=compute_80,code=sm_80;-gencode;arch=compute_86,code=sm_86;-gencode;arch=compute_90,code=sm_90;-gencode;arch=compute_100,code=sm_100;-gencode;arch=compute_120,code=sm_120
  - CuDNN 91.0.2  (built against CUDA 12.9)
  - Magma 2.5.4
  - Build settings: BLAS_INFO=mkl, BUILD_TYPE=Release, COMMIT_SHA=a1cb3cc05d46d198467bebbb6e8fba50a325d4e7, CUDA_VERSION=12.8, CUDNN_VERSION=9.10.2, CXX_COMPILER=C:/actions-runner/_work/pytorch/pytorch/pytorch/.ci/pytorch/windows/tmp_bin/sccache-cl.exe, CXX_FLAGS=/DWIN32 /D_WINDOWS /EHsc /Zc:__cplusplus /bigobj /FS /utf-8 -DUSE_PTHREADPOOL -DNDEBUG -DUSE_KINETO -DLIBKINETO_NOROCTRACER -DLIBKINETO_NOXPUPTI=ON -DUSE_FBGEMM -DUSE_XNNPACK -DSYMBOLICATE_MOBILE_DEBUG_HANDLE /wd4624 /wd4068 /wd4067 /wd4267 /wd4661 /wd4717 /wd4244 /wd4804 /wd4273, LAPACK_INFO=mkl, PERF_WITH_AVX=1, PERF_WITH_AVX2=1, TORCH_VERSION=2.8.0, USE_CUDA=ON, USE_CUDNN=ON, USE_CUSPARSELT=OFF, USE_GFLAGS=OFF, USE_GLOG=OFF, USE_GLOO=ON, USE_MKL=ON, USE_MKLDNN=ON, USE_MPI=OFF, USE_NCCL=OFF, USE_NNPACK=OFF, USE_OPENMP=ON, USE_ROCM=OFF, USE_ROCM_KERNEL_ASSERT=OFF, USE_XCCL=OFF, USE_XPU=OFF, 

TorchVision: 0.23.0+cu128
OpenCV: 4.13.0
MMCV: 1.7.2
MMCV Compiler: MSVC 194234444
MMCV CUDA Compiler: 12.8
MMRotate: 0.3.4+
------------------------------------------------------------

2026-04-10 19:47:24,896 - mmrotate - INFO - Distributed training: False
2026-04-10 19:47:25,418 - mmrotate - INFO - Config:
dataset_type = 'DOTADataset'
data_root = 'customize-dataset-workshop/data/split_ss_dotav1.4/'
img_norm_cfg = dict(
    mean=[123.675, 116.28, 103.53], std=[58.395, 57.12, 57.375], to_rgb=True)
train_pipeline = [
    dict(type='LoadImageFromFile'),
    dict(type='LoadAnnotations', with_bbox=True),
    dict(
        type='RResize',
        img_scale=[(1024, 1024), (1280, 1280)],
        multiscale_mode='range'),
    dict(
        type='RRandomFlip',
        flip_ratio=[0.25, 0.25, 0.25],
        direction=['horizontal', 'vertical', 'diagonal'],
        version='le90'),
    dict(
        type='PolyRandomRotate',
        rotate_ratio=0.5,
        angles_range=180,
        auto_bound=False,
        rect_classes=None,
        version='le90'),
    dict(
        type='Normalize',
        mean=[123.675, 116.28, 103.53],
        std=[58.395, 57.12, 57.375],
        to_rgb=True),
    dict(type='Pad', size_divisor=32),
    dict(type='DefaultFormatBundle'),
    dict(type='Collect', keys=['img', 'gt_bboxes', 'gt_labels'])
]
test_pipeline = [
    dict(type='LoadImageFromFile'),
    dict(
        type='MultiScaleFlipAug',
        img_scale=(1024, 1024),
        flip=False,
        transforms=[
            dict(type='RResize'),
            dict(
                type='Normalize',
                mean=[123.675, 116.28, 103.53],
                std=[58.395, 57.12, 57.375],
                to_rgb=True),
            dict(type='Pad', size_divisor=32),
            dict(type='DefaultFormatBundle'),
            dict(type='Collect', keys=['img'])
        ])
]
data = dict(
    samples_per_gpu=2,
    workers_per_gpu=2,
    train=dict(
        type='DOTADataset',
        ann_file=
        'customize-dataset-workshop/data/split_ss_dotav1.4/train/annfiles/',
        img_prefix=
        'customize-dataset-workshop/data/split_ss_dotav1.4/train/images/',
        pipeline=[
            dict(type='LoadImageFromFile'),
            dict(type='LoadAnnotations', with_bbox=True),
            dict(
                type='RResize',
                img_scale=[(1024, 1024), (1280, 1280)],
                multiscale_mode='range'),
            dict(
                type='RRandomFlip',
                flip_ratio=[0.25, 0.25, 0.25],
                direction=['horizontal', 'vertical', 'diagonal'],
                version='le90'),
            dict(
                type='PolyRandomRotate',
                rotate_ratio=0.5,
                angles_range=180,
                auto_bound=False,
                rect_classes=None,
                version='le90'),
            dict(
                type='Normalize',
                mean=[123.675, 116.28, 103.53],
                std=[58.395, 57.12, 57.375],
                to_rgb=True),
            dict(type='Pad', size_divisor=32),
            dict(type='DefaultFormatBundle'),
            dict(type='Collect', keys=['img', 'gt_bboxes', 'gt_labels'])
        ],
        version='le90',
        classes=('R0402', 'R0603', 'LED0603', 'R0804', 'R2512', 'CAP5053',
                 'LQFP7070', 'SOIC-8', 'SOT-23', 'TSSOP-20', 'LED0603Flip')),
    val=dict(
        type='DOTADataset',
        ann_file=
        'customize-dataset-workshop/data/split_ss_dotav1.4/val/annfiles/',
        img_prefix=
        'customize-dataset-workshop/data/split_ss_dotav1.4/val/images/',
        pipeline=[
            dict(type='LoadImageFromFile'),
            dict(
                type='MultiScaleFlipAug',
                img_scale=(1024, 1024),
                flip=False,
                transforms=[
                    dict(type='RResize'),
                    dict(
                        type='Normalize',
                        mean=[123.675, 116.28, 103.53],
                        std=[58.395, 57.12, 57.375],
                        to_rgb=True),
                    dict(type='Pad', size_divisor=32),
                    dict(type='DefaultFormatBundle'),
                    dict(type='Collect', keys=['img'])
                ])
        ],
        version='le90',
        classes=('R0402', 'R0603', 'LED0603', 'R0804', 'R2512', 'CAP5053',
                 'LQFP7070', 'SOIC-8', 'SOT-23', 'TSSOP-20', 'LED0603Flip')),
    test=dict(
        type='DOTADataset',
        ann_file=
        'customize-dataset-workshop/data/split_ss_dotav1.4/test/annfiles/',
        img_prefix=
        'customize-dataset-workshop/data/split_ss_dotav1.4/test/images/',
        pipeline=[
            dict(type='LoadImageFromFile'),
            dict(
                type='MultiScaleFlipAug',
                img_scale=(1024, 1024),
                flip=False,
                transforms=[
                    dict(type='RResize'),
                    dict(
                        type='Normalize',
                        mean=[123.675, 116.28, 103.53],
                        std=[58.395, 57.12, 57.375],
                        to_rgb=True),
                    dict(type='Pad', size_divisor=32),
                    dict(type='DefaultFormatBundle'),
                    dict(type='Collect', keys=['img'])
                ])
        ],
        version='le90',
        classes=('R0402', 'R0603', 'LED0603', 'R0804', 'R2512', 'CAP5053',
                 'LQFP7070', 'SOIC-8', 'SOT-23', 'TSSOP-20', 'LED0603Flip')))
evaluation = dict(interval=1, metric='mAP', iou_thr=0.7)
optimizer = dict(type='SGD', lr=0.005, momentum=0.9, weight_decay=0.0001)
optimizer_config = dict(grad_clip=dict(max_norm=35, norm_type=2))
lr_config = dict(
    policy='step',
    warmup='linear',
    warmup_iters=500,
    warmup_ratio=0.3333333333333333,
    step=[24, 33])
runner = dict(type='EpochBasedRunner', max_epochs=36)
checkpoint_config = dict(interval=1)
log_config = dict(interval=50, hooks=[dict(type='TextLoggerHook')])
dist_params = dict(backend='nccl')
log_level = 'INFO'
load_from = None
resume_from = None
workflow = [('train', 1), ('val', 1)]
opencv_num_threads = 0
mp_start_method = 'fork'
angle_version = 'le90'
model = dict(
    type='OrientedRCNN',
    backbone=dict(
        type='ResNet',
        depth=50,
        num_stages=4,
        out_indices=(0, 1, 2, 3),
        frozen_stages=1,
        norm_cfg=dict(type='BN', requires_grad=True),
        norm_eval=True,
        style='pytorch',
        init_cfg=dict(type='Pretrained', checkpoint='torchvision://resnet50')),
    neck=dict(
        type='FPN',
        in_channels=[256, 512, 1024, 2048],
        out_channels=256,
        num_outs=5),
    rpn_head=dict(
        type='OrientedRPNHead',
        in_channels=256,
        feat_channels=256,
        version='le90',
        anchor_generator=dict(
            type='AnchorGenerator',
            scales=[8],
            ratios=[0.5, 1.0, 2.0],
            strides=[4, 8, 16, 32, 64]),
        bbox_coder=dict(
            type='MidpointOffsetCoder',
            angle_range='le90',
            target_means=[0.0, 0.0, 0.0, 0.0, 0.0, 0.0],
            target_stds=[1.0, 1.0, 1.0, 1.0, 0.5, 0.5]),
        loss_cls=dict(
            type='CrossEntropyLoss', use_sigmoid=True, loss_weight=1.0),
        loss_bbox=dict(
            type='SmoothL1Loss', beta=0.1111111111111111, loss_weight=1.0)),
    roi_head=dict(
        type='OrientedStandardRoIHead',
        bbox_roi_extractor=dict(
            type='RotatedSingleRoIExtractor',
            roi_layer=dict(
                type='RoIAlignRotated',
                out_size=7,
                sample_num=2,
                clockwise=True),
            out_channels=256,
            featmap_strides=[4, 8, 16, 32]),
        bbox_head=dict(
            type='RotatedShared2FCBBoxHead',
            in_channels=256,
            fc_out_channels=1024,
            roi_feat_size=7,
            num_classes=11,
            bbox_coder=dict(
                type='DeltaXYWHAOBBoxCoder',
                angle_range='le90',
                norm_factor=None,
                edge_swap=True,
                proj_xy=True,
                target_means=(0.0, 0.0, 0.0, 0.0, 0.0),
                target_stds=(0.1, 0.1, 0.2, 0.2, 0.1)),
            reg_class_agnostic=True,
            loss_cls=dict(
                type='CrossEntropyLoss', use_sigmoid=False, loss_weight=1.0),
            loss_bbox=dict(type='SmoothL1Loss', beta=1.0, loss_weight=1.0))),
    train_cfg=dict(
        rpn=dict(
            assigner=dict(
                type='MaxIoUAssigner',
                pos_iou_thr=0.7,
                neg_iou_thr=0.3,
                min_pos_iou=0.3,
                match_low_quality=True,
                ignore_iof_thr=-1),
            sampler=dict(
                type='RandomSampler',
                num=256,
                pos_fraction=0.5,
                neg_pos_ub=-1,
                add_gt_as_proposals=False),
            allowed_border=0,
            pos_weight=-1,
            debug=False),
        rpn_proposal=dict(
            nms_pre=2000,
            max_per_img=2000,
            nms=dict(type='nms', iou_threshold=0.8),
            min_bbox_size=0),
        rcnn=dict(
            assigner=dict(
                type='MaxIoUAssigner',
                pos_iou_thr=0.5,
                neg_iou_thr=0.5,
                min_pos_iou=0.5,
                match_low_quality=False,
                iou_calculator=dict(type='RBboxOverlaps2D'),
                ignore_iof_thr=-1),
            sampler=dict(
                type='RRandomSampler',
                num=512,
                pos_fraction=0.25,
                neg_pos_ub=-1,
                add_gt_as_proposals=True),
            pos_weight=-1,
            debug=False)),
    test_cfg=dict(
        rpn=dict(
            nms_pre=2000,
            max_per_img=2000,
            nms=dict(type='nms', iou_threshold=0.8),
            min_bbox_size=0),
        rcnn=dict(
            nms_pre=2000,
            min_bbox_size=0,
            score_thr=0.05,
            nms=dict(iou_thr=0.1),
            max_per_img=2000)))
classes = ('R0402', 'R0603', 'LED0603', 'R0804', 'R2512', 'CAP5053',
           'LQFP7070', 'SOIC-8', 'SOT-23', 'TSSOP-20', 'LED0603Flip')
work_dir = 'D:\mmrotate-main\customize-dataset-workshop\output\oriented_rcnn_dotav3'
auto_resume = False
gpu_ids = range(0, 1)

2026-04-10 19:47:25,418 - mmrotate - INFO - Set random seed to 685577780, deterministic: False
2026-04-10 19:47:26,310 - mmrotate - INFO - Start running, host: Jotham@DESKTOP-ROGB760, work_dir: D:\mmrotate-main\customize-dataset-workshop\output\oriented_rcnn_dotav3
2026-04-10 19:47:26,311 - mmrotate - INFO - Hooks will be executed in the following order:
before_run:
(VERY_HIGH   ) StepLrUpdaterHook                  
(NORMAL      ) CheckpointHook                     
(LOW         ) EvalHook                           
(VERY_LOW    ) TextLoggerHook                     
 -------------------- 
before_train_epoch:
(VERY_HIGH   ) StepLrUpdaterHook                  
(LOW         ) IterTimerHook                      
(LOW         ) EvalHook                           
(VERY_LOW    ) TextLoggerHook                     
 -------------------- 
before_train_iter:
(VERY_HIGH   ) StepLrUpdaterHook                  
(LOW         ) IterTimerHook                      
(LOW         ) EvalHook                           
 -------------------- 
after_train_iter:
(ABOVE_NORMAL) OptimizerHook                      
(NORMAL      ) CheckpointHook                     
(LOW         ) IterTimerHook                      
(LOW         ) EvalHook                           
(VERY_LOW    ) TextLoggerHook                     
 -------------------- 
after_train_epoch:
(NORMAL      ) CheckpointHook                     
(LOW         ) EvalHook                           
(VERY_LOW    ) TextLoggerHook                     
 -------------------- 
before_val_epoch:
(LOW         ) IterTimerHook                      
(VERY_LOW    ) TextLoggerHook                     
 -------------------- 
before_val_iter:
(LOW         ) IterTimerHook                      
 -------------------- 
after_val_iter:
(LOW         ) IterTimerHook                      
 -------------------- 
after_val_epoch:
(VERY_LOW    ) TextLoggerHook                     
 -------------------- 
after_run:
(VERY_LOW    ) TextLoggerHook                     
 -------------------- 
2026-04-10 19:47:26,311 - mmrotate - INFO - workflow: [('train', 1), ('val', 1)], max: 36 epochs
2026-04-10 19:47:26,311 - mmrotate - INFO - Checkpoints will be saved to D:\mmrotate-main\customize-dataset-workshop\output\oriented_rcnn_dotav3 by HardDiskBackend.
2026-04-10 19:47:58,464 - mmrotate - INFO - Epoch [1][50/462]	lr: 1.993e-03, eta: 2:57:40, time: 0.643, data_time: 0.251, memory: 5410, loss_rpn_cls: 0.3759, loss_rpn_bbox: 0.2083, loss_cls: 0.5395, acc: 86.6562, loss_bbox: 0.4863, loss: 1.6101, grad_norm: 9.1335
2026-04-10 19:48:22,338 - mmrotate - INFO - Epoch [1][100/462]	lr: 2.327e-03, eta: 2:34:21, time: 0.477, data_time: 0.003, memory: 5410, loss_rpn_cls: 0.1327, loss_rpn_bbox: 0.2034, loss_cls: 0.3970, acc: 87.9648, loss_bbox: 0.6132, loss: 1.3463, grad_norm: 6.8012
2026-04-10 19:48:44,417 - mmrotate - INFO - Epoch [1][150/462]	lr: 2.660e-03, eta: 2:23:01, time: 0.442, data_time: 0.003, memory: 5410, loss_rpn_cls: 0.0753, loss_rpn_bbox: 0.1848, loss_cls: 0.3131, acc: 89.7148, loss_bbox: 0.5802, loss: 1.1533, grad_norm: 7.3083
2026-04-10 19:49:07,765 - mmrotate - INFO - Epoch [1][200/462]	lr: 2.993e-03, eta: 2:18:54, time: 0.467, data_time: 0.004, memory: 5410, loss_rpn_cls: 0.0515, loss_rpn_bbox: 0.1489, loss_cls: 0.2706, acc: 91.0547, loss_bbox: 0.4783, loss: 0.9493, grad_norm: 5.8103
2026-04-10 19:49:30,796 - mmrotate - INFO - Epoch [1][250/462]	lr: 3.327e-03, eta: 2:15:56, time: 0.461, data_time: 0.004, memory: 5410, loss_rpn_cls: 0.0354, loss_rpn_bbox: 0.1460, loss_cls: 0.2269, acc: 91.9727, loss_bbox: 0.4476, loss: 0.8560, grad_norm: 5.5405
2026-04-10 19:49:54,525 - mmrotate - INFO - Epoch [1][300/462]	lr: 3.660e-03, eta: 2:14:28, time: 0.475, data_time: 0.003, memory: 5410, loss_rpn_cls: 0.0331, loss_rpn_bbox: 0.1286, loss_cls: 0.2178, acc: 92.2910, loss_bbox: 0.3956, loss: 0.7751, grad_norm: 5.5330
2026-04-10 19:50:16,984 - mmrotate - INFO - Epoch [1][350/462]	lr: 3.993e-03, eta: 2:12:19, time: 0.449, data_time: 0.004, memory: 5410, loss_rpn_cls: 0.0309, loss_rpn_bbox: 0.1312, loss_cls: 0.2039, acc: 92.5039, loss_bbox: 0.2943, loss: 0.6603, grad_norm: 4.8293
2026-04-10 19:50:39,217 - mmrotate - INFO - Epoch [1][400/462]	lr: 4.327e-03, eta: 2:10:27, time: 0.445, data_time: 0.004, memory: 5410, loss_rpn_cls: 0.0245, loss_rpn_bbox: 0.0949, loss_cls: 0.1994, acc: 92.7969, loss_bbox: 0.2852, loss: 0.6041, grad_norm: 4.8070
2026-04-10 19:51:02,265 - mmrotate - INFO - Epoch [1][450/462]	lr: 4.660e-03, eta: 2:09:25, time: 0.461, data_time: 0.004, memory: 5410, loss_rpn_cls: 0.0176, loss_rpn_bbox: 0.0707, loss_cls: 0.1617, acc: 94.1914, loss_bbox: 0.2609, loss: 0.5108, grad_norm: 4.3874
2026-04-10 19:51:08,070 - mmrotate - INFO - Saving checkpoint at 1 epochs
2026-04-10 19:51:46,887 - mmrotate - INFO - 
+-------------+-----+------+--------+-------+
| class       | gts | dets | recall | ap    |
+-------------+-----+------+--------+-------+
| R0402       | 366 | 843  | 0.634  | 0.589 |
| R0603       | 363 | 1370 | 0.931  | 0.884 |
| LED0603     | 348 | 598  | 0.920  | 0.862 |
| R0804       | 771 | 1073 | 0.914  | 0.878 |
| R2512       | 93  | 278  | 0.806  | 0.777 |
| CAP5053     | 27  | 229  | 0.481  | 0.219 |
| LQFP7070    | 21  | 76   | 0.952  | 0.892 |
| SOIC-8      | 48  | 329  | 0.875  | 0.786 |
| SOT-23      | 57  | 239  | 0.912  | 0.853 |
| TSSOP-20    | 48  | 196  | 0.875  | 0.713 |
| LED0603Flip | 69  | 158  | 0.855  | 0.784 |
+-------------+-----+------+--------+-------+
| mAP         |     |      |        | 0.749 |
+-------------+-----+------+--------+-------+
2026-04-10 19:51:46,955 - mmrotate - INFO - Exp name: oriented_rcnn_r50_fpn_1x_dota_custom_optv3.py
2026-04-10 19:51:46,955 - mmrotate - INFO - Epoch(val) [1][177]	mAP: 0.7488
2026-04-10 19:52:22,304 - mmrotate - INFO - Exp name: oriented_rcnn_r50_fpn_1x_dota_custom_optv3.py
2026-04-10 19:52:22,304 - mmrotate - INFO - Epoch(val) [1][89]	loss_rpn_cls_val: 0.0249, loss_rpn_bbox_val: 0.1059, loss_cls_val: 0.1824, acc_val: 93.2815, loss_bbox_val: 0.2727, loss_val: 0.5859
2026-04-10 19:52:57,928 - mmrotate - INFO - Epoch [2][50/462]	lr: 5.000e-03, eta: 2:11:59, time: 0.712, data_time: 0.253, memory: 5411, loss_rpn_cls: 0.0170, loss_rpn_bbox: 0.0853, loss_cls: 0.1403, acc: 94.6855, loss_bbox: 0.2528, loss: 0.4953, grad_norm: 3.9264
2026-04-10 19:53:23,159 - mmrotate - INFO - Epoch [2][100/462]	lr: 5.000e-03, eta: 2:11:54, time: 0.505, data_time: 0.004, memory: 5411, loss_rpn_cls: 0.0201, loss_rpn_bbox: 0.0878, loss_cls: 0.1427, acc: 94.7793, loss_bbox: 0.2332, loss: 0.4838, grad_norm: 3.6797
2026-04-10 19:53:45,393 - mmrotate - INFO - Epoch [2][150/462]	lr: 5.000e-03, eta: 2:10:27, time: 0.445, data_time: 0.003, memory: 5411, loss_rpn_cls: 0.0167, loss_rpn_bbox: 0.0794, loss_cls: 0.1510, acc: 94.4062, loss_bbox: 0.2237, loss: 0.4708, grad_norm: 4.1760
2026-04-10 19:54:07,545 - mmrotate - INFO - Epoch [2][200/462]	lr: 5.000e-03, eta: 2:09:07, time: 0.443, data_time: 0.004, memory: 5411, loss_rpn_cls: 0.0170, loss_rpn_bbox: 0.0746, loss_cls: 0.1516, acc: 94.3848, loss_bbox: 0.1893, loss: 0.4325, grad_norm: 3.5472
2026-04-10 19:54:30,913 - mmrotate - INFO - Epoch [2][250/462]	lr: 5.000e-03, eta: 2:08:23, time: 0.467, data_time: 0.004, memory: 5411, loss_rpn_cls: 0.0131, loss_rpn_bbox: 0.0655, loss_cls: 0.1224, acc: 95.3223, loss_bbox: 0.1750, loss: 0.3760, grad_norm: 3.4107
2026-04-10 19:54:54,656 - mmrotate - INFO - Epoch [2][300/462]	lr: 5.000e-03, eta: 2:07:50, time: 0.475, data_time: 0.004, memory: 5411, loss_rpn_cls: 0.0179, loss_rpn_bbox: 0.0693, loss_cls: 0.1289, acc: 95.1562, loss_bbox: 0.1848, loss: 0.4010, grad_norm: 3.4180
2026-04-10 19:55:17,160 - mmrotate - INFO - Epoch [2][350/462]	lr: 5.000e-03, eta: 2:06:53, time: 0.450, data_time: 0.004, memory: 5411, loss_rpn_cls: 0.0145, loss_rpn_bbox: 0.0687, loss_cls: 0.1285, acc: 95.0430, loss_bbox: 0.1789, loss: 0.3906, grad_norm: 3.4392
2026-04-10 19:55:39,526 - mmrotate - INFO - Epoch [2][400/462]	lr: 5.000e-03, eta: 2:05:58, time: 0.447, data_time: 0.003, memory: 5411, loss_rpn_cls: 0.0117, loss_rpn_bbox: 0.0687, loss_cls: 0.1153, acc: 95.6523, loss_bbox: 0.1474, loss: 0.3431, grad_norm: 2.9227
2026-04-10 19:56:02,697 - mmrotate - INFO - Epoch [2][450/462]	lr: 5.000e-03, eta: 2:05:20, time: 0.463, data_time: 0.003, memory: 5411, loss_rpn_cls: 0.0097, loss_rpn_bbox: 0.0662, loss_cls: 0.1086, acc: 95.7930, loss_bbox: 0.1452, loss: 0.3297, grad_norm: 2.8667
2026-04-10 19:56:08,553 - mmrotate - INFO - Saving checkpoint at 2 epochs
2026-04-10 19:56:46,313 - mmrotate - INFO - 
+-------------+-----+------+--------+-------+
| class       | gts | dets | recall | ap    |
+-------------+-----+------+--------+-------+
| R0402       | 366 | 664  | 0.760  | 0.711 |
| R0603       | 363 | 928  | 0.975  | 0.898 |
| LED0603     | 348 | 456  | 0.963  | 0.900 |
| R0804       | 771 | 899  | 0.956  | 0.897 |
| R2512       | 93  | 158  | 0.882  | 0.789 |
| CAP5053     | 27  | 100  | 0.889  | 0.763 |
| LQFP7070    | 21  | 61   | 1.000  | 0.989 |
| SOIC-8      | 48  | 153  | 0.917  | 0.895 |
| SOT-23      | 57  | 122  | 0.982  | 0.909 |
| TSSOP-20    | 48  | 117  | 0.938  | 0.909 |
| LED0603Flip | 69  | 87   | 0.971  | 0.888 |
+-------------+-----+------+--------+-------+
| mAP         |     |      |        | 0.868 |
+-------------+-----+------+--------+-------+
2026-04-10 19:56:46,384 - mmrotate - INFO - Exp name: oriented_rcnn_r50_fpn_1x_dota_custom_optv3.py
2026-04-10 19:56:46,384 - mmrotate - INFO - Epoch(val) [2][177]	mAP: 0.8680
2026-04-10 19:57:22,456 - mmrotate - INFO - Exp name: oriented_rcnn_r50_fpn_1x_dota_custom_optv3.py
2026-04-10 19:57:22,456 - mmrotate - INFO - Epoch(val) [2][89]	loss_rpn_cls_val: 0.0133, loss_rpn_bbox_val: 0.0756, loss_cls_val: 0.1205, acc_val: 95.3037, loss_bbox_val: 0.1586, loss_val: 0.3680
2026-04-10 19:57:58,117 - mmrotate - INFO - Epoch [3][50/462]	lr: 5.000e-03, eta: 2:06:27, time: 0.713, data_time: 0.250, memory: 5411, loss_rpn_cls: 0.0104, loss_rpn_bbox: 0.0588, loss_cls: 0.1120, acc: 95.6641, loss_bbox: 0.1284, loss: 0.3096, grad_norm: 3.0308
2026-04-10 19:58:23,305 - mmrotate - INFO - Epoch [3][100/462]	lr: 5.000e-03, eta: 2:06:17, time: 0.504, data_time: 0.004, memory: 5411, loss_rpn_cls: 0.0086, loss_rpn_bbox: 0.0481, loss_cls: 0.1070, acc: 95.9746, loss_bbox: 0.1114, loss: 0.2751, grad_norm: 2.5083
2026-04-10 19:58:45,592 - mmrotate - INFO - Epoch [3][150/462]	lr: 5.000e-03, eta: 2:05:24, time: 0.446, data_time: 0.003, memory: 5411, loss_rpn_cls: 0.0091, loss_rpn_bbox: 0.0550, loss_cls: 0.1099, acc: 95.7891, loss_bbox: 0.1273, loss: 0.3012, grad_norm: 2.8437
2026-04-10 19:59:07,816 - mmrotate - INFO - Epoch [3][200/462]	lr: 5.000e-03, eta: 2:04:33, time: 0.444, data_time: 0.004, memory: 5411, loss_rpn_cls: 0.0102, loss_rpn_bbox: 0.0547, loss_cls: 0.1158, acc: 95.5234, loss_bbox: 0.1288, loss: 0.3094, grad_norm: 3.0276
2026-04-10 19:59:31,628 - mmrotate - INFO - Epoch [3][250/462]	lr: 5.000e-03, eta: 2:04:05, time: 0.476, data_time: 0.004, memory: 5411, loss_rpn_cls: 0.0106, loss_rpn_bbox: 0.0550, loss_cls: 0.1087, acc: 95.8125, loss_bbox: 0.1180, loss: 0.2923, grad_norm: 2.6941
2026-04-10 19:59:55,465 - mmrotate - INFO - Epoch [3][300/462]	lr: 5.000e-03, eta: 2:03:38, time: 0.477, data_time: 0.004, memory: 5411, loss_rpn_cls: 0.0081, loss_rpn_bbox: 0.0416, loss_cls: 0.0914, acc: 96.4023, loss_bbox: 0.1059, loss: 0.2470, grad_norm: 2.3615
2026-04-10 20:00:17,814 - mmrotate - INFO - Epoch [3][350/462]	lr: 5.000e-03, eta: 2:02:53, time: 0.447, data_time: 0.004, memory: 5411, loss_rpn_cls: 0.0092, loss_rpn_bbox: 0.0495, loss_cls: 0.0968, acc: 96.1270, loss_bbox: 0.1173, loss: 0.2728, grad_norm: 2.6196
2026-04-10 20:00:40,889 - mmrotate - INFO - Epoch [3][400/462]	lr: 5.000e-03, eta: 2:02:18, time: 0.462, data_time: 0.004, memory: 5411, loss_rpn_cls: 0.0092, loss_rpn_bbox: 0.0572, loss_cls: 0.1213, acc: 95.2500, loss_bbox: 0.1187, loss: 0.3064, grad_norm: 3.0055
2026-04-10 20:01:04,020 - mmrotate - INFO - Epoch [3][450/462]	lr: 5.000e-03, eta: 2:01:45, time: 0.463, data_time: 0.004, memory: 5411, loss_rpn_cls: 0.0103, loss_rpn_bbox: 0.0525, loss_cls: 0.0921, acc: 96.4590, loss_bbox: 0.1037, loss: 0.2586, grad_norm: 2.4870
2026-04-10 20:01:09,847 - mmrotate - INFO - Saving checkpoint at 3 epochs
2026-04-10 20:01:47,473 - mmrotate - INFO - 
+-------------+-----+------+--------+-------+
| class       | gts | dets | recall | ap    |
+-------------+-----+------+--------+-------+
| R0402       | 366 | 590  | 0.792  | 0.703 |
| R0603       | 363 | 626  | 0.981  | 0.906 |
| LED0603     | 348 | 520  | 0.948  | 0.872 |
| R0804       | 771 | 992  | 0.971  | 0.898 |
| R2512       | 93  | 244  | 0.946  | 0.909 |
| CAP5053     | 27  | 118  | 1.000  | 1.000 |
| LQFP7070    | 21  | 122  | 1.000  | 0.977 |
| SOIC-8      | 48  | 205  | 0.938  | 0.862 |
| SOT-23      | 57  | 195  | 1.000  | 1.000 |
| TSSOP-20    | 48  | 179  | 0.958  | 0.903 |
| LED0603Flip | 69  | 168  | 0.971  | 0.891 |
+-------------+-----+------+--------+-------+
| mAP         |     |      |        | 0.902 |
+-------------+-----+------+--------+-------+
2026-04-10 20:01:47,546 - mmrotate - INFO - Exp name: oriented_rcnn_r50_fpn_1x_dota_custom_optv3.py
2026-04-10 20:01:47,546 - mmrotate - INFO - Epoch(val) [3][177]	mAP: 0.9020
2026-04-10 20:02:22,626 - mmrotate - INFO - Exp name: oriented_rcnn_r50_fpn_1x_dota_custom_optv3.py
2026-04-10 20:02:22,626 - mmrotate - INFO - Epoch(val) [3][89]	loss_rpn_cls_val: 0.0118, loss_rpn_bbox_val: 0.0579, loss_cls_val: 0.1040, acc_val: 95.8633, loss_bbox_val: 0.1295, loss_val: 0.3033
2026-04-10 20:02:58,893 - mmrotate - INFO - Epoch [4][50/462]	lr: 5.000e-03, eta: 2:02:25, time: 0.725, data_time: 0.251, memory: 5411, loss_rpn_cls: 0.0084, loss_rpn_bbox: 0.0534, loss_cls: 0.1035, acc: 95.9512, loss_bbox: 0.1137, loss: 0.2790, grad_norm: 2.5736
2026-04-10 20:03:24,106 - mmrotate - INFO - Epoch [4][100/462]	lr: 5.000e-03, eta: 2:02:11, time: 0.504, data_time: 0.004, memory: 5411, loss_rpn_cls: 0.0084, loss_rpn_bbox: 0.0591, loss_cls: 0.1052, acc: 95.9180, loss_bbox: 0.1236, loss: 0.2963, grad_norm: 2.6437
2026-04-10 20:03:46,787 - mmrotate - INFO - Epoch [4][150/462]	lr: 5.000e-03, eta: 2:01:32, time: 0.454, data_time: 0.004, memory: 5411, loss_rpn_cls: 0.0086, loss_rpn_bbox: 0.0439, loss_cls: 0.0829, acc: 96.7715, loss_bbox: 0.1011, loss: 0.2365, grad_norm: 2.4923
2026-04-10 20:04:09,308 - mmrotate - INFO - Epoch [4][200/462]	lr: 5.000e-03, eta: 2:00:52, time: 0.450, data_time: 0.003, memory: 5411, loss_rpn_cls: 0.0073, loss_rpn_bbox: 0.0511, loss_cls: 0.0947, acc: 96.3633, loss_bbox: 0.1070, loss: 0.2601, grad_norm: 2.4191
2026-04-10 20:04:32,250 - mmrotate - INFO - Epoch [4][250/462]	lr: 5.000e-03, eta: 2:00:18, time: 0.459, data_time: 0.004, memory: 5411, loss_rpn_cls: 0.0080, loss_rpn_bbox: 0.0661, loss_cls: 0.1008, acc: 96.0938, loss_bbox: 0.1142, loss: 0.2892, grad_norm: 2.7474
2026-04-10 20:04:57,032 - mmrotate - INFO - Epoch [4][300/462]	lr: 5.000e-03, eta: 2:00:00, time: 0.496, data_time: 0.003, memory: 5411, loss_rpn_cls: 0.0062, loss_rpn_bbox: 0.0383, loss_cls: 0.0857, acc: 96.7031, loss_bbox: 0.1014, loss: 0.2315, grad_norm: 2.3640
2026-04-10 20:05:19,682 - mmrotate - INFO - Epoch [4][350/462]	lr: 5.000e-03, eta: 1:59:24, time: 0.453, data_time: 0.004, memory: 5411, loss_rpn_cls: 0.0056, loss_rpn_bbox: 0.0440, loss_cls: 0.0823, acc: 96.7402, loss_bbox: 0.1017, loss: 0.2335, grad_norm: 2.2203
2026-04-10 20:05:42,809 - mmrotate - INFO - Epoch [4][400/462]	lr: 5.000e-03, eta: 1:58:52, time: 0.463, data_time: 0.004, memory: 5411, loss_rpn_cls: 0.0056, loss_rpn_bbox: 0.0442, loss_cls: 0.0917, acc: 96.3633, loss_bbox: 0.0874, loss: 0.2289, grad_norm: 2.3413
2026-04-10 20:06:06,627 - mmrotate - INFO - Epoch [4][450/462]	lr: 5.000e-03, eta: 1:58:26, time: 0.476, data_time: 0.004, memory: 5411, loss_rpn_cls: 0.0059, loss_rpn_bbox: 0.0516, loss_cls: 0.0866, acc: 96.5410, loss_bbox: 0.0955, loss: 0.2395, grad_norm: 2.4216
2026-04-10 20:06:12,483 - mmrotate - INFO - Saving checkpoint at 4 epochs
2026-04-10 20:06:50,597 - mmrotate - INFO - 
+-------------+-----+------+--------+-------+
| class       | gts | dets | recall | ap    |
+-------------+-----+------+--------+-------+
| R0402       | 366 | 674  | 0.831  | 0.799 |
| R0603       | 363 | 748  | 0.994  | 0.909 |
| LED0603     | 348 | 588  | 0.966  | 0.881 |
| R0804       | 771 | 1025 | 0.990  | 0.904 |
| R2512       | 93  | 328  | 1.000  | 1.000 |
| CAP5053     | 27  | 216  | 1.000  | 1.000 |
| LQFP7070    | 21  | 211  | 1.000  | 0.977 |
| SOIC-8      | 48  | 280  | 0.958  | 0.875 |
| SOT-23      | 57  | 262  | 1.000  | 1.000 |
| TSSOP-20    | 48  | 268  | 0.958  | 0.890 |
| LED0603Flip | 69  | 256  | 1.000  | 1.000 |
+-------------+-----+------+--------+-------+
| mAP         |     |      |        | 0.931 |
+-------------+-----+------+--------+-------+
2026-04-10 20:06:50,669 - mmrotate - INFO - Exp name: oriented_rcnn_r50_fpn_1x_dota_custom_optv3.py
2026-04-10 20:06:50,669 - mmrotate - INFO - Epoch(val) [4][177]	mAP: 0.9305
2026-04-10 20:07:25,870 - mmrotate - INFO - Exp name: oriented_rcnn_r50_fpn_1x_dota_custom_optv3.py
2026-04-10 20:07:25,870 - mmrotate - INFO - Epoch(val) [4][89]	loss_rpn_cls_val: 0.0107, loss_rpn_bbox_val: 0.0502, loss_cls_val: 0.0958, acc_val: 96.2397, loss_bbox_val: 0.1141, loss_val: 0.2708
2026-04-10 20:08:02,719 - mmrotate - INFO - Epoch [5][50/462]	lr: 5.000e-03, eta: 1:58:51, time: 0.737, data_time: 0.249, memory: 5411, loss_rpn_cls: 0.0057, loss_rpn_bbox: 0.0380, loss_cls: 0.0785, acc: 96.9746, loss_bbox: 0.0777, loss: 0.1999, grad_norm: 2.1190
2026-04-10 20:08:27,819 - mmrotate - INFO - Epoch [5][100/462]	lr: 5.000e-03, eta: 1:58:34, time: 0.502, data_time: 0.004, memory: 5411, loss_rpn_cls: 0.0056, loss_rpn_bbox: 0.0462, loss_cls: 0.0930, acc: 96.2168, loss_bbox: 0.1000, loss: 0.2448, grad_norm: 2.3415
2026-04-10 20:08:50,512 - mmrotate - INFO - Epoch [5][150/462]	lr: 5.000e-03, eta: 1:57:58, time: 0.454, data_time: 0.003, memory: 5411, loss_rpn_cls: 0.0052, loss_rpn_bbox: 0.0456, loss_cls: 0.0862, acc: 96.5410, loss_bbox: 0.0980, loss: 0.2351, grad_norm: 2.5160
2026-04-10 20:09:13,016 - mmrotate - INFO - Epoch [5][200/462]	lr: 5.000e-03, eta: 1:57:22, time: 0.450, data_time: 0.004, memory: 5411, loss_rpn_cls: 0.0060, loss_rpn_bbox: 0.0405, loss_cls: 0.0838, acc: 96.7207, loss_bbox: 0.0857, loss: 0.2160, grad_norm: 2.1667
2026-04-10 20:09:35,969 - mmrotate - INFO - Epoch [5][250/462]	lr: 5.000e-03, eta: 1:56:50, time: 0.459, data_time: 0.003, memory: 5411, loss_rpn_cls: 0.0048, loss_rpn_bbox: 0.0387, loss_cls: 0.0790, acc: 96.7715, loss_bbox: 0.0866, loss: 0.2091, grad_norm: 2.0582
2026-04-10 20:10:00,735 - mmrotate - INFO - Epoch [5][300/462]	lr: 5.000e-03, eta: 1:56:30, time: 0.495, data_time: 0.004, memory: 5411, loss_rpn_cls: 0.0053, loss_rpn_bbox: 0.0413, loss_cls: 0.0830, acc: 96.7930, loss_bbox: 0.0824, loss: 0.2121, grad_norm: 2.2585
2026-04-10 20:10:23,379 - mmrotate - INFO - Epoch [5][350/462]	lr: 5.000e-03, eta: 1:55:56, time: 0.453, data_time: 0.004, memory: 5411, loss_rpn_cls: 0.0060, loss_rpn_bbox: 0.0410, loss_cls: 0.0813, acc: 96.9219, loss_bbox: 0.0843, loss: 0.2126, grad_norm: 2.2573
2026-04-10 20:10:46,008 - mmrotate - INFO - Epoch [5][400/462]	lr: 5.000e-03, eta: 1:55:23, time: 0.453, data_time: 0.004, memory: 5411, loss_rpn_cls: 0.0070, loss_rpn_bbox: 0.0445, loss_cls: 0.0953, acc: 96.3594, loss_bbox: 0.0996, loss: 0.2464, grad_norm: 2.5297
2026-04-10 20:11:09,914 - mmrotate - INFO - Epoch [5][450/462]	lr: 5.000e-03, eta: 1:54:57, time: 0.478, data_time: 0.004, memory: 5411, loss_rpn_cls: 0.0052, loss_rpn_bbox: 0.0355, loss_cls: 0.0745, acc: 97.0508, loss_bbox: 0.0705, loss: 0.1857, grad_norm: 2.0866
2026-04-10 20:11:15,681 - mmrotate - INFO - Saving checkpoint at 5 epochs
2026-04-10 20:11:52,925 - mmrotate - INFO - 
+-------------+-----+------+--------+-------+
| class       | gts | dets | recall | ap    |
+-------------+-----+------+--------+-------+
| R0402       | 366 | 730  | 0.885  | 0.811 |
| R0603       | 363 | 732  | 0.989  | 0.908 |
| LED0603     | 348 | 569  | 0.991  | 0.903 |
| R0804       | 771 | 1004 | 0.987  | 0.904 |
| R2512       | 93  | 315  | 0.957  | 0.907 |
| CAP5053     | 27  | 186  | 1.000  | 1.000 |
| LQFP7070    | 21  | 183  | 1.000  | 0.992 |
| SOIC-8      | 48  | 244  | 0.979  | 0.903 |
| SOT-23      | 57  | 236  | 1.000  | 1.000 |
| TSSOP-20    | 48  | 237  | 0.958  | 0.905 |
| LED0603Flip | 69  | 180  | 0.971  | 0.896 |
+-------------+-----+------+--------+-------+
| mAP         |     |      |        | 0.921 |
+-------------+-----+------+--------+-------+
2026-04-10 20:11:53,000 - mmrotate - INFO - Exp name: oriented_rcnn_r50_fpn_1x_dota_custom_optv3.py
2026-04-10 20:11:53,000 - mmrotate - INFO - Epoch(val) [5][177]	mAP: 0.9209
2026-04-10 20:12:28,027 - mmrotate - INFO - Exp name: oriented_rcnn_r50_fpn_1x_dota_custom_optv3.py
2026-04-10 20:12:28,027 - mmrotate - INFO - Epoch(val) [5][89]	loss_rpn_cls_val: 0.0077, loss_rpn_bbox_val: 0.0459, loss_cls_val: 0.0856, acc_val: 96.6391, loss_bbox_val: 0.0985, loss_val: 0.2376
2026-04-10 20:13:04,278 - mmrotate - INFO - Epoch [6][50/462]	lr: 5.000e-03, eta: 1:55:06, time: 0.725, data_time: 0.251, memory: 5411, loss_rpn_cls: 0.0050, loss_rpn_bbox: 0.0364, loss_cls: 0.0841, acc: 96.7520, loss_bbox: 0.0785, loss: 0.2039, grad_norm: 2.2008
2026-04-10 20:13:29,395 - mmrotate - INFO - Epoch [6][100/462]	lr: 5.000e-03, eta: 1:54:48, time: 0.502, data_time: 0.004, memory: 5411, loss_rpn_cls: 0.0055, loss_rpn_bbox: 0.0353, loss_cls: 0.0801, acc: 96.8535, loss_bbox: 0.0731, loss: 0.1940, grad_norm: 2.2214
2026-04-10 20:13:51,843 - mmrotate - INFO - Epoch [6][150/462]	lr: 5.000e-03, eta: 1:54:13, time: 0.449, data_time: 0.004, memory: 5411, loss_rpn_cls: 0.0054, loss_rpn_bbox: 0.0338, loss_cls: 0.0829, acc: 96.7129, loss_bbox: 0.0818, loss: 0.2040, grad_norm: 2.1815
2026-04-10 20:14:14,418 - mmrotate - INFO - Epoch [6][200/462]	lr: 5.000e-03, eta: 1:53:40, time: 0.452, data_time: 0.003, memory: 5411, loss_rpn_cls: 0.0046, loss_rpn_bbox: 0.0326, loss_cls: 0.0708, acc: 97.1289, loss_bbox: 0.0797, loss: 0.1878, grad_norm: 2.0931
2026-04-10 20:14:37,432 - mmrotate - INFO - Epoch [6][250/462]	lr: 5.000e-03, eta: 1:53:10, time: 0.460, data_time: 0.003, memory: 5411, loss_rpn_cls: 0.0059, loss_rpn_bbox: 0.0419, loss_cls: 0.0739, acc: 97.0391, loss_bbox: 0.0777, loss: 0.1994, grad_norm: 2.1297
2026-04-10 20:15:02,140 - mmrotate - INFO - Epoch [6][300/462]	lr: 5.000e-03, eta: 1:52:49, time: 0.494, data_time: 0.003, memory: 5411, loss_rpn_cls: 0.0058, loss_rpn_bbox: 0.0533, loss_cls: 0.0811, acc: 96.7090, loss_bbox: 0.0794, loss: 0.2195, grad_norm: 2.2638
2026-04-10 20:15:25,062 - mmrotate - INFO - Epoch [6][350/462]	lr: 5.000e-03, eta: 1:52:18, time: 0.458, data_time: 0.003, memory: 5411, loss_rpn_cls: 0.0072, loss_rpn_bbox: 0.0467, loss_cls: 0.0843, acc: 96.6992, loss_bbox: 0.0819, loss: 0.2202, grad_norm: 2.2293
2026-04-10 20:15:47,735 - mmrotate - INFO - Epoch [6][400/462]	lr: 5.000e-03, eta: 1:51:46, time: 0.453, data_time: 0.003, memory: 5411, loss_rpn_cls: 0.0056, loss_rpn_bbox: 0.0373, loss_cls: 0.0818, acc: 96.6270, loss_bbox: 0.0778, loss: 0.2025, grad_norm: 2.1551
2026-04-10 20:16:12,657 - mmrotate - INFO - Epoch [6][450/462]	lr: 5.000e-03, eta: 1:51:27, time: 0.498, data_time: 0.004, memory: 5411, loss_rpn_cls: 0.0044, loss_rpn_bbox: 0.0401, loss_cls: 0.0760, acc: 96.9141, loss_bbox: 0.0723, loss: 0.1928, grad_norm: 1.8988
2026-04-10 20:16:18,482 - mmrotate - INFO - Saving checkpoint at 6 epochs
2026-04-10 20:16:55,506 - mmrotate - INFO - 
+-------------+-----+------+--------+-------+
| class       | gts | dets | recall | ap    |
+-------------+-----+------+--------+-------+
| R0402       | 366 | 471  | 0.893  | 0.812 |
| R0603       | 363 | 512  | 0.994  | 0.909 |
| LED0603     | 348 | 419  | 0.983  | 0.902 |
| R0804       | 771 | 912  | 0.986  | 0.900 |
| R2512       | 93  | 150  | 0.946  | 0.906 |
| CAP5053     | 27  | 80   | 1.000  | 1.000 |
| LQFP7070    | 21  | 81   | 1.000  | 0.977 |
| SOIC-8      | 48  | 166  | 1.000  | 1.000 |
| SOT-23      | 57  | 126  | 1.000  | 1.000 |
| TSSOP-20    | 48  | 129  | 0.958  | 0.902 |
| LED0603Flip | 69  | 115  | 1.000  | 1.000 |
+-------------+-----+------+--------+-------+
| mAP         |     |      |        | 0.937 |
+-------------+-----+------+--------+-------+
2026-04-10 20:16:55,576 - mmrotate - INFO - Exp name: oriented_rcnn_r50_fpn_1x_dota_custom_optv3.py
2026-04-10 20:16:55,577 - mmrotate - INFO - Epoch(val) [6][177]	mAP: 0.9371
2026-04-10 20:17:30,697 - mmrotate - INFO - Exp name: oriented_rcnn_r50_fpn_1x_dota_custom_optv3.py
2026-04-10 20:17:30,697 - mmrotate - INFO - Epoch(val) [6][89]	loss_rpn_cls_val: 0.0083, loss_rpn_bbox_val: 0.0483, loss_cls_val: 0.0881, acc_val: 96.4449, loss_bbox_val: 0.0994, loss_val: 0.2441
2026-04-10 20:18:07,570 - mmrotate - INFO - Epoch [7][50/462]	lr: 5.000e-03, eta: 1:51:31, time: 0.737, data_time: 0.250, memory: 5411, loss_rpn_cls: 0.0033, loss_rpn_bbox: 0.0270, loss_cls: 0.0674, acc: 97.3105, loss_bbox: 0.0667, loss: 0.1645, grad_norm: 1.8843
2026-04-10 20:18:32,994 - mmrotate - INFO - Epoch [7][100/462]	lr: 5.000e-03, eta: 1:51:12, time: 0.509, data_time: 0.004, memory: 5411, loss_rpn_cls: 0.0040, loss_rpn_bbox: 0.0438, loss_cls: 0.0804, acc: 96.8242, loss_bbox: 0.0789, loss: 0.2071, grad_norm: 2.0405
2026-04-10 20:18:55,770 - mmrotate - INFO - Epoch [7][150/462]	lr: 5.000e-03, eta: 1:50:41, time: 0.456, data_time: 0.004, memory: 5411, loss_rpn_cls: 0.0048, loss_rpn_bbox: 0.0472, loss_cls: 0.0784, acc: 96.7734, loss_bbox: 0.0797, loss: 0.2101, grad_norm: 2.0703
2026-04-10 20:19:19,315 - mmrotate - INFO - Epoch [7][200/462]	lr: 5.000e-03, eta: 1:50:14, time: 0.471, data_time: 0.004, memory: 5411, loss_rpn_cls: 0.0049, loss_rpn_bbox: 0.0377, loss_cls: 0.0725, acc: 97.0488, loss_bbox: 0.0667, loss: 0.1818, grad_norm: 1.8332
2026-04-10 20:19:42,328 - mmrotate - INFO - Epoch [7][250/462]	lr: 5.000e-03, eta: 1:49:44, time: 0.460, data_time: 0.004, memory: 5411, loss_rpn_cls: 0.0034, loss_rpn_bbox: 0.0337, loss_cls: 0.0713, acc: 97.1602, loss_bbox: 0.0642, loss: 0.1725, grad_norm: 1.9082
2026-04-10 20:20:07,054 - mmrotate - INFO - Epoch [7][300/462]	lr: 5.000e-03, eta: 1:49:22, time: 0.495, data_time: 0.004, memory: 5411, loss_rpn_cls: 0.0046, loss_rpn_bbox: 0.0351, loss_cls: 0.0709, acc: 97.1641, loss_bbox: 0.0747, loss: 0.1853, grad_norm: 2.1554
2026-04-10 20:20:30,837 - mmrotate - INFO - Epoch [7][350/462]	lr: 5.000e-03, eta: 1:48:56, time: 0.476, data_time: 0.004, memory: 5411, loss_rpn_cls: 0.0039, loss_rpn_bbox: 0.0367, loss_cls: 0.0779, acc: 96.9824, loss_bbox: 0.0747, loss: 0.1932, grad_norm: 2.2776
2026-04-10 20:20:53,369 - mmrotate - INFO - Epoch [7][400/462]	lr: 5.000e-03, eta: 1:48:25, time: 0.451, data_time: 0.003, memory: 5411, loss_rpn_cls: 0.0041, loss_rpn_bbox: 0.0373, loss_cls: 0.0682, acc: 97.3086, loss_bbox: 0.0713, loss: 0.1809, grad_norm: 1.9103
2026-04-10 20:21:17,748 - mmrotate - INFO - Epoch [7][450/462]	lr: 5.000e-03, eta: 1:48:02, time: 0.488, data_time: 0.004, memory: 5411, loss_rpn_cls: 0.0047, loss_rpn_bbox: 0.0345, loss_cls: 0.0668, acc: 97.3477, loss_bbox: 0.0703, loss: 0.1763, grad_norm: 1.9449
2026-04-10 20:21:23,563 - mmrotate - INFO - Saving checkpoint at 7 epochs
2026-04-10 20:22:01,684 - mmrotate - INFO - 
+-------------+-----+------+--------+-------+
| class       | gts | dets | recall | ap    |
+-------------+-----+------+--------+-------+
| R0402       | 366 | 625  | 0.902  | 0.898 |
| R0603       | 363 | 1050 | 1.000  | 0.982 |
| LED0603     | 348 | 504  | 0.977  | 0.888 |
| R0804       | 771 | 927  | 0.984  | 0.899 |
| R2512       | 93  | 221  | 0.989  | 0.909 |
| CAP5053     | 27  | 149  | 1.000  | 1.000 |
| LQFP7070    | 21  | 125  | 1.000  | 0.977 |
| SOIC-8      | 48  | 189  | 0.979  | 0.909 |
| SOT-23      | 57  | 181  | 1.000  | 1.000 |
| TSSOP-20    | 48  | 187  | 1.000  | 1.000 |
| LED0603Flip | 69  | 172  | 0.986  | 0.904 |
+-------------+-----+------+--------+-------+
| mAP         |     |      |        | 0.942 |
+-------------+-----+------+--------+-------+
2026-04-10 20:22:01,756 - mmrotate - INFO - Exp name: oriented_rcnn_r50_fpn_1x_dota_custom_optv3.py
2026-04-10 20:22:01,756 - mmrotate - INFO - Epoch(val) [7][177]	mAP: 0.9423
2026-04-10 20:22:36,811 - mmrotate - INFO - Exp name: oriented_rcnn_r50_fpn_1x_dota_custom_optv3.py
2026-04-10 20:22:36,811 - mmrotate - INFO - Epoch(val) [7][89]	loss_rpn_cls_val: 0.0081, loss_rpn_bbox_val: 0.0441, loss_cls_val: 0.0844, acc_val: 96.6983, loss_bbox_val: 0.0867, loss_val: 0.2233
2026-04-10 20:23:13,076 - mmrotate - INFO - Epoch [8][50/462]	lr: 5.000e-03, eta: 1:47:57, time: 0.725, data_time: 0.250, memory: 5411, loss_rpn_cls: 0.0033, loss_rpn_bbox: 0.0343, loss_cls: 0.0714, acc: 97.1895, loss_bbox: 0.0651, loss: 0.1742, grad_norm: 1.9540
2026-04-10 20:23:38,134 - mmrotate - INFO - Epoch [8][100/462]	lr: 5.000e-03, eta: 1:47:36, time: 0.501, data_time: 0.004, memory: 5411, loss_rpn_cls: 0.0046, loss_rpn_bbox: 0.0447, loss_cls: 0.0669, acc: 97.3203, loss_bbox: 0.0722, loss: 0.1884, grad_norm: 1.9443
2026-04-10 20:24:00,979 - mmrotate - INFO - Epoch [8][150/462]	lr: 5.000e-03, eta: 1:47:06, time: 0.457, data_time: 0.004, memory: 5411, loss_rpn_cls: 0.0052, loss_rpn_bbox: 0.0477, loss_cls: 0.0789, acc: 96.7988, loss_bbox: 0.0735, loss: 0.2052, grad_norm: 2.1808
2026-04-10 20:24:23,453 - mmrotate - INFO - Epoch [8][200/462]	lr: 5.000e-03, eta: 1:46:35, time: 0.449, data_time: 0.003, memory: 5411, loss_rpn_cls: 0.0041, loss_rpn_bbox: 0.0357, loss_cls: 0.0731, acc: 97.0273, loss_bbox: 0.0773, loss: 0.1901, grad_norm: 2.0807
2026-04-10 20:24:46,386 - mmrotate - INFO - Epoch [8][250/462]	lr: 5.000e-03, eta: 1:46:06, time: 0.459, data_time: 0.004, memory: 5411, loss_rpn_cls: 0.0035, loss_rpn_bbox: 0.0370, loss_cls: 0.0699, acc: 97.2500, loss_bbox: 0.0691, loss: 0.1796, grad_norm: 1.9149
2026-04-10 20:25:11,303 - mmrotate - INFO - Epoch [8][300/462]	lr: 5.000e-03, eta: 1:45:45, time: 0.498, data_time: 0.003, memory: 5411, loss_rpn_cls: 0.0048, loss_rpn_bbox: 0.0345, loss_cls: 0.0671, acc: 97.3750, loss_bbox: 0.0713, loss: 0.1777, grad_norm: 2.0405
2026-04-10 20:25:33,821 - mmrotate - INFO - Epoch [8][350/462]	lr: 5.000e-03, eta: 1:45:14, time: 0.450, data_time: 0.004, memory: 5411, loss_rpn_cls: 0.0054, loss_rpn_bbox: 0.0366, loss_cls: 0.0629, acc: 97.4844, loss_bbox: 0.0616, loss: 0.1665, grad_norm: 1.8501
2026-04-10 20:25:56,425 - mmrotate - INFO - Epoch [8][400/462]	lr: 5.000e-03, eta: 1:44:44, time: 0.452, data_time: 0.003, memory: 5411, loss_rpn_cls: 0.0045, loss_rpn_bbox: 0.0353, loss_cls: 0.0693, acc: 97.1543, loss_bbox: 0.0678, loss: 0.1770, grad_norm: 1.8603
2026-04-10 20:26:20,265 - mmrotate - INFO - Epoch [8][450/462]	lr: 5.000e-03, eta: 1:44:19, time: 0.477, data_time: 0.004, memory: 5411, loss_rpn_cls: 0.0035, loss_rpn_bbox: 0.0321, loss_cls: 0.0728, acc: 97.1719, loss_bbox: 0.0626, loss: 0.1710, grad_norm: 1.7793
2026-04-10 20:26:26,178 - mmrotate - INFO - Saving checkpoint at 8 epochs
2026-04-10 20:27:03,399 - mmrotate - INFO - 
+-------------+-----+------+--------+-------+
| class       | gts | dets | recall | ap    |
+-------------+-----+------+--------+-------+
| R0402       | 366 | 470  | 0.891  | 0.812 |
| R0603       | 363 | 654  | 0.992  | 0.909 |
| LED0603     | 348 | 447  | 0.980  | 0.893 |
| R0804       | 771 | 823  | 0.997  | 0.904 |
| R2512       | 93  | 119  | 0.978  | 0.908 |
| CAP5053     | 27  | 57   | 1.000  | 1.000 |
| LQFP7070    | 21  | 58   | 1.000  | 0.977 |
| SOIC-8      | 48  | 128  | 0.958  | 0.909 |
| SOT-23      | 57  | 94   | 1.000  | 1.000 |
| TSSOP-20    | 48  | 109  | 1.000  | 1.000 |
| LED0603Flip | 69  | 89   | 1.000  | 1.000 |
+-------------+-----+------+--------+-------+
| mAP         |     |      |        | 0.937 |
+-------------+-----+------+--------+-------+
2026-04-10 20:27:03,482 - mmrotate - INFO - Exp name: oriented_rcnn_r50_fpn_1x_dota_custom_optv3.py
2026-04-10 20:27:03,482 - mmrotate - INFO - Epoch(val) [8][177]	mAP: 0.9375
2026-04-10 20:27:38,435 - mmrotate - INFO - Exp name: oriented_rcnn_r50_fpn_1x_dota_custom_optv3.py
2026-04-10 20:27:38,435 - mmrotate - INFO - Epoch(val) [8][89]	loss_rpn_cls_val: 0.0082, loss_rpn_bbox_val: 0.0425, loss_cls_val: 0.0757, acc_val: 97.0111, loss_bbox_val: 0.0739, loss_val: 0.2003
2026-04-10 20:28:15,104 - mmrotate - INFO - Epoch [9][50/462]	lr: 5.000e-03, eta: 1:44:12, time: 0.733, data_time: 0.251, memory: 5411, loss_rpn_cls: 0.0042, loss_rpn_bbox: 0.0353, loss_cls: 0.0673, acc: 97.2637, loss_bbox: 0.0687, loss: 0.1755, grad_norm: 2.0327
2026-04-10 20:28:40,085 - mmrotate - INFO - Epoch [9][100/462]	lr: 5.000e-03, eta: 1:43:50, time: 0.500, data_time: 0.004, memory: 5411, loss_rpn_cls: 0.0034, loss_rpn_bbox: 0.0261, loss_cls: 0.0589, acc: 97.6855, loss_bbox: 0.0645, loss: 0.1528, grad_norm: 1.7929
2026-04-10 20:29:02,585 - mmrotate - INFO - Epoch [9][150/462]	lr: 5.000e-03, eta: 1:43:20, time: 0.450, data_time: 0.004, memory: 5411, loss_rpn_cls: 0.0048, loss_rpn_bbox: 0.0316, loss_cls: 0.0721, acc: 97.1992, loss_bbox: 0.0680, loss: 0.1764, grad_norm: 2.0470
2026-04-10 20:29:26,003 - mmrotate - INFO - Epoch [9][200/462]	lr: 5.000e-03, eta: 1:42:53, time: 0.468, data_time: 0.004, memory: 5411, loss_rpn_cls: 0.0029, loss_rpn_bbox: 0.0334, loss_cls: 0.0623, acc: 97.6738, loss_bbox: 0.0669, loss: 0.1654, grad_norm: 1.9004
2026-04-10 20:29:49,003 - mmrotate - INFO - Epoch [9][250/462]	lr: 5.000e-03, eta: 1:42:25, time: 0.460, data_time: 0.003, memory: 5411, loss_rpn_cls: 0.0037, loss_rpn_bbox: 0.0372, loss_cls: 0.0757, acc: 97.1699, loss_bbox: 0.0703, loss: 0.1868, grad_norm: 1.8919
2026-04-10 20:30:13,894 - mmrotate - INFO - Epoch [9][300/462]	lr: 5.000e-03, eta: 1:42:03, time: 0.498, data_time: 0.003, memory: 5411, loss_rpn_cls: 0.0036, loss_rpn_bbox: 0.0361, loss_cls: 0.0617, acc: 97.6211, loss_bbox: 0.0518, loss: 0.1532, grad_norm: 1.6338
2026-04-10 20:30:37,130 - mmrotate - INFO - Epoch [9][350/462]	lr: 5.000e-03, eta: 1:41:35, time: 0.465, data_time: 0.004, memory: 5411, loss_rpn_cls: 0.0044, loss_rpn_bbox: 0.0347, loss_cls: 0.0610, acc: 97.6133, loss_bbox: 0.0595, loss: 0.1597, grad_norm: 1.8740
2026-04-10 20:30:59,744 - mmrotate - INFO - Epoch [9][400/462]	lr: 5.000e-03, eta: 1:41:06, time: 0.452, data_time: 0.004, memory: 5411, loss_rpn_cls: 0.0034, loss_rpn_bbox: 0.0353, loss_cls: 0.0680, acc: 97.2891, loss_bbox: 0.0606, loss: 0.1672, grad_norm: 1.7924
2026-04-10 20:31:23,636 - mmrotate - INFO - Epoch [9][450/462]	lr: 5.000e-03, eta: 1:40:41, time: 0.478, data_time: 0.004, memory: 5411, loss_rpn_cls: 0.0030, loss_rpn_bbox: 0.0331, loss_cls: 0.0576, acc: 97.6992, loss_bbox: 0.0579, loss: 0.1516, grad_norm: 1.7191
2026-04-10 20:31:29,472 - mmrotate - INFO - Saving checkpoint at 9 epochs
2026-04-10 20:32:06,715 - mmrotate - INFO - 
+-------------+-----+------+--------+-------+
| class       | gts | dets | recall | ap    |
+-------------+-----+------+--------+-------+
| R0402       | 366 | 740  | 0.915  | 0.901 |
| R0603       | 363 | 971  | 1.000  | 0.980 |
| LED0603     | 348 | 697  | 0.994  | 0.906 |
| R0804       | 771 | 967  | 0.984  | 0.898 |
| R2512       | 93  | 245  | 1.000  | 1.000 |
| CAP5053     | 27  | 193  | 1.000  | 1.000 |
| LQFP7070    | 21  | 172  | 1.000  | 0.977 |
| SOIC-8      | 48  | 235  | 0.938  | 0.903 |
| SOT-23      | 57  | 243  | 1.000  | 1.000 |
| TSSOP-20    | 48  | 226  | 1.000  | 1.000 |
| LED0603Flip | 69  | 218  | 1.000  | 1.000 |
+-------------+-----+------+--------+-------+
| mAP         |     |      |        | 0.960 |
+-------------+-----+------+--------+-------+
2026-04-10 20:32:06,789 - mmrotate - INFO - Exp name: oriented_rcnn_r50_fpn_1x_dota_custom_optv3.py
2026-04-10 20:32:06,789 - mmrotate - INFO - Epoch(val) [9][177]	mAP: 0.9605
2026-04-10 20:32:41,821 - mmrotate - INFO - Exp name: oriented_rcnn_r50_fpn_1x_dota_custom_optv3.py
2026-04-10 20:32:41,822 - mmrotate - INFO - Epoch(val) [9][89]	loss_rpn_cls_val: 0.0077, loss_rpn_bbox_val: 0.0614, loss_cls_val: 0.0737, acc_val: 97.0692, loss_bbox_val: 0.0784, loss_val: 0.2212
2026-04-10 20:33:18,205 - mmrotate - INFO - Epoch [10][50/462]	lr: 5.000e-03, eta: 1:40:30, time: 0.727, data_time: 0.251, memory: 5411, loss_rpn_cls: 0.0042, loss_rpn_bbox: 0.0335, loss_cls: 0.0650, acc: 97.4141, loss_bbox: 0.0594, loss: 0.1621, grad_norm: 1.7994
2026-04-10 20:33:43,850 - mmrotate - INFO - Epoch [10][100/462]	lr: 5.000e-03, eta: 1:40:10, time: 0.513, data_time: 0.004, memory: 5411, loss_rpn_cls: 0.0039, loss_rpn_bbox: 0.0364, loss_cls: 0.0725, acc: 97.1758, loss_bbox: 0.0613, loss: 0.1742, grad_norm: 2.0509
2026-04-10 20:34:06,621 - mmrotate - INFO - Epoch [10][150/462]	lr: 5.000e-03, eta: 1:39:41, time: 0.455, data_time: 0.003, memory: 5411, loss_rpn_cls: 0.0033, loss_rpn_bbox: 0.0311, loss_cls: 0.0724, acc: 97.1367, loss_bbox: 0.0673, loss: 0.1742, grad_norm: 2.0208
2026-04-10 20:34:29,164 - mmrotate - INFO - Epoch [10][200/462]	lr: 5.000e-03, eta: 1:39:12, time: 0.451, data_time: 0.003, memory: 5411, loss_rpn_cls: 0.0030, loss_rpn_bbox: 0.0248, loss_cls: 0.0484, acc: 98.0898, loss_bbox: 0.0490, loss: 0.1252, grad_norm: 1.5963
2026-04-10 20:34:52,389 - mmrotate - INFO - Epoch [10][250/462]	lr: 5.000e-03, eta: 1:38:45, time: 0.465, data_time: 0.004, memory: 5411, loss_rpn_cls: 0.0036, loss_rpn_bbox: 0.0334, loss_cls: 0.0651, acc: 97.4473, loss_bbox: 0.0577, loss: 0.1598, grad_norm: 1.8420
2026-04-10 20:35:17,453 - mmrotate - INFO - Epoch [10][300/462]	lr: 5.000e-03, eta: 1:38:23, time: 0.501, data_time: 0.004, memory: 5411, loss_rpn_cls: 0.0029, loss_rpn_bbox: 0.0338, loss_cls: 0.0690, acc: 97.2148, loss_bbox: 0.0662, loss: 0.1719, grad_norm: 1.7756
2026-04-10 20:35:40,293 - mmrotate - INFO - Epoch [10][350/462]	lr: 5.000e-03, eta: 1:37:55, time: 0.457, data_time: 0.004, memory: 5411, loss_rpn_cls: 0.0033, loss_rpn_bbox: 0.0358, loss_cls: 0.0611, acc: 97.5879, loss_bbox: 0.0581, loss: 0.1583, grad_norm: 1.8330
2026-04-10 20:36:03,052 - mmrotate - INFO - Epoch [10][400/462]	lr: 5.000e-03, eta: 1:37:27, time: 0.455, data_time: 0.003, memory: 5411, loss_rpn_cls: 0.0040, loss_rpn_bbox: 0.0327, loss_cls: 0.0649, acc: 97.3984, loss_bbox: 0.0622, loss: 0.1638, grad_norm: 1.7306
2026-04-10 20:36:27,045 - mmrotate - INFO - Epoch [10][450/462]	lr: 5.000e-03, eta: 1:37:02, time: 0.480, data_time: 0.004, memory: 5411, loss_rpn_cls: 0.0029, loss_rpn_bbox: 0.0410, loss_cls: 0.0699, acc: 97.3711, loss_bbox: 0.0600, loss: 0.1738, grad_norm: 1.8840
2026-04-10 20:36:32,882 - mmrotate - INFO - Saving checkpoint at 10 epochs
2026-04-10 20:37:11,743 - mmrotate - INFO - 
+-------------+-----+------+--------+-------+
| class       | gts | dets | recall | ap    |
+-------------+-----+------+--------+-------+
| R0402       | 366 | 1469 | 0.902  | 0.899 |
| R0603       | 363 | 1787 | 0.989  | 0.905 |
| LED0603     | 348 | 1422 | 0.994  | 0.904 |
| R0804       | 771 | 1822 | 0.994  | 0.903 |
| R2512       | 93  | 1140 | 1.000  | 1.000 |
| CAP5053     | 27  | 1076 | 1.000  | 1.000 |
| LQFP7070    | 21  | 1061 | 1.000  | 0.984 |
| SOIC-8      | 48  | 1115 | 0.958  | 0.907 |
| SOT-23      | 57  | 1110 | 1.000  | 1.000 |
| TSSOP-20    | 48  | 1120 | 0.979  | 0.894 |
| LED0603Flip | 69  | 1174 | 0.986  | 0.900 |
+-------------+-----+------+--------+-------+
| mAP         |     |      |        | 0.936 |
+-------------+-----+------+--------+-------+
2026-04-10 20:37:11,812 - mmrotate - INFO - Exp name: oriented_rcnn_r50_fpn_1x_dota_custom_optv3.py
2026-04-10 20:37:11,812 - mmrotate - INFO - Epoch(val) [10][177]	mAP: 0.9360
2026-04-10 20:37:46,872 - mmrotate - INFO - Exp name: oriented_rcnn_r50_fpn_1x_dota_custom_optv3.py
2026-04-10 20:37:46,872 - mmrotate - INFO - Epoch(val) [10][89]	loss_rpn_cls_val: 0.0058, loss_rpn_bbox_val: 0.0370, loss_cls_val: 0.0840, acc_val: 97.1427, loss_bbox_val: 0.0788, loss_val: 0.2055
2026-04-10 20:38:23,275 - mmrotate - INFO - Epoch [11][50/462]	lr: 5.000e-03, eta: 1:36:48, time: 0.728, data_time: 0.249, memory: 5411, loss_rpn_cls: 0.0024, loss_rpn_bbox: 0.0465, loss_cls: 0.0702, acc: 97.4707, loss_bbox: 0.0629, loss: 0.1820, grad_norm: 1.9489
2026-04-10 20:38:48,852 - mmrotate - INFO - Epoch [11][100/462]	lr: 5.000e-03, eta: 1:36:27, time: 0.512, data_time: 0.003, memory: 5411, loss_rpn_cls: 0.0042, loss_rpn_bbox: 0.0351, loss_cls: 0.0622, acc: 97.5195, loss_bbox: 0.0561, loss: 0.1577, grad_norm: 1.7915
2026-04-10 20:39:11,539 - mmrotate - INFO - Epoch [11][150/462]	lr: 5.000e-03, eta: 1:35:59, time: 0.454, data_time: 0.004, memory: 5411, loss_rpn_cls: 0.0034, loss_rpn_bbox: 0.0332, loss_cls: 0.0683, acc: 97.2051, loss_bbox: 0.0583, loss: 0.1632, grad_norm: 1.8701
2026-04-10 20:39:34,165 - mmrotate - INFO - Epoch [11][200/462]	lr: 5.000e-03, eta: 1:35:31, time: 0.452, data_time: 0.004, memory: 5411, loss_rpn_cls: 0.0033, loss_rpn_bbox: 0.0299, loss_cls: 0.0622, acc: 97.6270, loss_bbox: 0.0523, loss: 0.1477, grad_norm: 1.6286
2026-04-10 20:39:57,283 - mmrotate - INFO - Epoch [11][250/462]	lr: 5.000e-03, eta: 1:35:04, time: 0.462, data_time: 0.003, memory: 5411, loss_rpn_cls: 0.0037, loss_rpn_bbox: 0.0334, loss_cls: 0.0646, acc: 97.5566, loss_bbox: 0.0569, loss: 0.1585, grad_norm: 1.7193
2026-04-10 20:40:22,304 - mmrotate - INFO - Epoch [11][300/462]	lr: 5.000e-03, eta: 1:34:41, time: 0.500, data_time: 0.004, memory: 5411, loss_rpn_cls: 0.0033, loss_rpn_bbox: 0.0283, loss_cls: 0.0663, acc: 97.7578, loss_bbox: 0.0536, loss: 0.1515, grad_norm: 1.6689
2026-04-10 20:40:45,010 - mmrotate - INFO - Epoch [11][350/462]	lr: 5.000e-03, eta: 1:34:13, time: 0.454, data_time: 0.003, memory: 5411, loss_rpn_cls: 0.0029, loss_rpn_bbox: 0.0350, loss_cls: 0.0629, acc: 97.5527, loss_bbox: 0.0612, loss: 0.1620, grad_norm: 1.8394
2026-04-10 20:41:07,794 - mmrotate - INFO - Epoch [11][400/462]	lr: 5.000e-03, eta: 1:33:46, time: 0.456, data_time: 0.004, memory: 5411, loss_rpn_cls: 0.0025, loss_rpn_bbox: 0.0259, loss_cls: 0.0562, acc: 97.6895, loss_bbox: 0.0516, loss: 0.1362, grad_norm: 1.4895
2026-04-10 20:41:31,730 - mmrotate - INFO - Epoch [11][450/462]	lr: 5.000e-03, eta: 1:33:21, time: 0.479, data_time: 0.003, memory: 5411, loss_rpn_cls: 0.0033, loss_rpn_bbox: 0.0332, loss_cls: 0.0659, acc: 97.4824, loss_bbox: 0.0595, loss: 0.1619, grad_norm: 1.9031
2026-04-10 20:41:37,588 - mmrotate - INFO - Saving checkpoint at 11 epochs
2026-04-10 20:42:15,809 - mmrotate - INFO - 
+-------------+-----+------+--------+-------+
| class       | gts | dets | recall | ap    |
+-------------+-----+------+--------+-------+
| R0402       | 366 | 1199 | 0.915  | 0.897 |
| R0603       | 363 | 1322 | 0.986  | 0.908 |
| LED0603     | 348 | 1112 | 1.000  | 0.999 |
| R0804       | 771 | 1542 | 0.997  | 0.904 |
| R2512       | 93  | 817  | 1.000  | 1.000 |
| CAP5053     | 27  | 746  | 1.000  | 1.000 |
| LQFP7070    | 21  | 734  | 1.000  | 0.963 |
| SOIC-8      | 48  | 781  | 0.958  | 0.875 |
| SOT-23      | 57  | 782  | 1.000  | 1.000 |
| TSSOP-20    | 48  | 793  | 1.000  | 1.000 |
| LED0603Flip | 69  | 786  | 1.000  | 1.000 |
+-------------+-----+------+--------+-------+
| mAP         |     |      |        | 0.959 |
+-------------+-----+------+--------+-------+
2026-04-10 20:42:15,877 - mmrotate - INFO - Exp name: oriented_rcnn_r50_fpn_1x_dota_custom_optv3.py
2026-04-10 20:42:15,877 - mmrotate - INFO - Epoch(val) [11][177]	mAP: 0.9587
2026-04-10 20:42:50,853 - mmrotate - INFO - Exp name: oriented_rcnn_r50_fpn_1x_dota_custom_optv3.py
2026-04-10 20:42:50,853 - mmrotate - INFO - Epoch(val) [11][89]	loss_rpn_cls_val: 0.0070, loss_rpn_bbox_val: 0.0469, loss_cls_val: 0.0760, acc_val: 97.1998, loss_bbox_val: 0.0818, loss_val: 0.2118
2026-04-10 20:43:27,207 - mmrotate - INFO - Epoch [12][50/462]	lr: 5.000e-03, eta: 1:33:05, time: 0.727, data_time: 0.250, memory: 5411, loss_rpn_cls: 0.0050, loss_rpn_bbox: 0.0377, loss_cls: 0.0601, acc: 97.7422, loss_bbox: 0.0574, loss: 0.1602, grad_norm: 1.9379
2026-04-10 20:43:52,668 - mmrotate - INFO - Epoch [12][100/462]	lr: 5.000e-03, eta: 1:32:43, time: 0.509, data_time: 0.004, memory: 5411, loss_rpn_cls: 0.0036, loss_rpn_bbox: 0.0345, loss_cls: 0.0674, acc: 97.5508, loss_bbox: 0.0573, loss: 0.1627, grad_norm: 1.7416
2026-04-10 20:44:15,514 - mmrotate - INFO - Epoch [12][150/462]	lr: 5.000e-03, eta: 1:32:16, time: 0.457, data_time: 0.004, memory: 5411, loss_rpn_cls: 0.0050, loss_rpn_bbox: 0.0336, loss_cls: 0.0662, acc: 97.6211, loss_bbox: 0.0580, loss: 0.1628, grad_norm: 1.8607
2026-04-10 20:44:38,087 - mmrotate - INFO - Epoch [12][200/462]	lr: 5.000e-03, eta: 1:31:48, time: 0.451, data_time: 0.003, memory: 5411, loss_rpn_cls: 0.0044, loss_rpn_bbox: 0.0367, loss_cls: 0.0814, acc: 97.7480, loss_bbox: 0.0555, loss: 0.1780, grad_norm: 1.8721
2026-04-10 20:45:01,314 - mmrotate - INFO - Epoch [12][250/462]	lr: 5.000e-03, eta: 1:31:21, time: 0.465, data_time: 0.004, memory: 5411, loss_rpn_cls: 0.0032, loss_rpn_bbox: 0.0334, loss_cls: 0.0802, acc: 97.6055, loss_bbox: 0.0521, loss: 0.1689, grad_norm: 1.6328
2026-04-10 20:45:26,363 - mmrotate - INFO - Epoch [12][300/462]	lr: 5.000e-03, eta: 1:30:59, time: 0.501, data_time: 0.004, memory: 5411, loss_rpn_cls: 0.0033, loss_rpn_bbox: 0.0233, loss_cls: 0.0758, acc: 97.9727, loss_bbox: 0.0485, loss: 0.1508, grad_norm: 1.5100
2026-04-10 20:45:49,125 - mmrotate - INFO - Epoch [12][350/462]	lr: 5.000e-03, eta: 1:30:31, time: 0.455, data_time: 0.004, memory: 5411, loss_rpn_cls: 0.0032, loss_rpn_bbox: 0.0236, loss_cls: 0.0727, acc: 97.8535, loss_bbox: 0.0506, loss: 0.1501, grad_norm: 1.6609
2026-04-10 20:46:12,039 - mmrotate - INFO - Epoch [12][400/462]	lr: 5.000e-03, eta: 1:30:04, time: 0.458, data_time: 0.004, memory: 5411, loss_rpn_cls: 0.0034, loss_rpn_bbox: 0.0394, loss_cls: 0.0675, acc: 97.2207, loss_bbox: 0.0618, loss: 0.1722, grad_norm: 1.7426
2026-04-10 20:46:36,128 - mmrotate - INFO - Epoch [12][450/462]	lr: 5.000e-03, eta: 1:29:40, time: 0.482, data_time: 0.003, memory: 5411, loss_rpn_cls: 0.0038, loss_rpn_bbox: 0.0299, loss_cls: 0.0500, acc: 98.0020, loss_bbox: 0.0495, loss: 0.1332, grad_norm: 1.6552
2026-04-10 20:46:41,943 - mmrotate - INFO - Saving checkpoint at 12 epochs
2026-04-10 20:47:18,563 - mmrotate - INFO - 
+-------------+-----+------+--------+-------+
| class       | gts | dets | recall | ap    |
+-------------+-----+------+--------+-------+
| R0402       | 366 | 630  | 0.907  | 0.898 |
| R0603       | 363 | 585  | 1.000  | 0.999 |
| LED0603     | 348 | 608  | 0.983  | 0.892 |
| R0804       | 771 | 1011 | 1.000  | 0.996 |
| R2512       | 93  | 295  | 1.000  | 1.000 |
| CAP5053     | 27  | 214  | 1.000  | 1.000 |
| LQFP7070    | 21  | 203  | 1.000  | 0.977 |
| SOIC-8      | 48  | 257  | 0.979  | 0.907 |
| SOT-23      | 57  | 246  | 1.000  | 1.000 |
| TSSOP-20    | 48  | 255  | 1.000  | 1.000 |
| LED0603Flip | 69  | 252  | 1.000  | 1.000 |
+-------------+-----+------+--------+-------+
| mAP         |     |      |        | 0.970 |
+-------------+-----+------+--------+-------+
2026-04-10 20:47:18,644 - mmrotate - INFO - Exp name: oriented_rcnn_r50_fpn_1x_dota_custom_optv3.py
2026-04-10 20:47:18,644 - mmrotate - INFO - Epoch(val) [12][177]	mAP: 0.9701
2026-04-10 20:47:53,584 - mmrotate - INFO - Exp name: oriented_rcnn_r50_fpn_1x_dota_custom_optv3.py
2026-04-10 20:47:53,585 - mmrotate - INFO - Epoch(val) [12][89]	loss_rpn_cls_val: 0.0066, loss_rpn_bbox_val: 0.0506, loss_cls_val: 0.0653, acc_val: 97.3863, loss_bbox_val: 0.0702, loss_val: 0.1928
2026-04-10 20:48:30,171 - mmrotate - INFO - Epoch [13][50/462]	lr: 5.000e-03, eta: 1:29:23, time: 0.731, data_time: 0.251, memory: 5411, loss_rpn_cls: 0.0026, loss_rpn_bbox: 0.0299, loss_cls: 0.0591, acc: 97.6855, loss_bbox: 0.0599, loss: 0.1515, grad_norm: 1.6919
2026-04-10 20:48:55,486 - mmrotate - INFO - Epoch [13][100/462]	lr: 5.000e-03, eta: 1:29:00, time: 0.506, data_time: 0.004, memory: 5411, loss_rpn_cls: 0.0026, loss_rpn_bbox: 0.0243, loss_cls: 0.0556, acc: 97.9531, loss_bbox: 0.0515, loss: 0.1339, grad_norm: 1.6468
2026-04-10 20:49:18,415 - mmrotate - INFO - Epoch [13][150/462]	lr: 5.000e-03, eta: 1:28:33, time: 0.459, data_time: 0.003, memory: 5411, loss_rpn_cls: 0.0030, loss_rpn_bbox: 0.0293, loss_cls: 0.0624, acc: 97.9082, loss_bbox: 0.0507, loss: 0.1454, grad_norm: 1.5360
2026-04-10 20:49:40,961 - mmrotate - INFO - Epoch [13][200/462]	lr: 5.000e-03, eta: 1:28:06, time: 0.451, data_time: 0.004, memory: 5411, loss_rpn_cls: 0.0025, loss_rpn_bbox: 0.0322, loss_cls: 0.0630, acc: 97.6055, loss_bbox: 0.0504, loss: 0.1481, grad_norm: 1.6420
2026-04-10 20:50:04,126 - mmrotate - INFO - Epoch [13][250/462]	lr: 5.000e-03, eta: 1:27:39, time: 0.463, data_time: 0.003, memory: 5411, loss_rpn_cls: 0.0023, loss_rpn_bbox: 0.0278, loss_cls: 0.0613, acc: 97.7539, loss_bbox: 0.0501, loss: 0.1414, grad_norm: 1.5218
2026-04-10 20:50:29,320 - mmrotate - INFO - Epoch [13][300/462]	lr: 5.000e-03, eta: 1:27:17, time: 0.504, data_time: 0.003, memory: 5411, loss_rpn_cls: 0.0026, loss_rpn_bbox: 0.0250, loss_cls: 0.0644, acc: 97.4648, loss_bbox: 0.0568, loss: 0.1487, grad_norm: 1.7920
2026-04-10 20:50:52,174 - mmrotate - INFO - Epoch [13][350/462]	lr: 5.000e-03, eta: 1:26:50, time: 0.457, data_time: 0.004, memory: 5411, loss_rpn_cls: 0.0033, loss_rpn_bbox: 0.0380, loss_cls: 0.0607, acc: 97.6582, loss_bbox: 0.0538, loss: 0.1559, grad_norm: 1.7044
2026-04-10 20:51:14,866 - mmrotate - INFO - Epoch [13][400/462]	lr: 5.000e-03, eta: 1:26:23, time: 0.454, data_time: 0.003, memory: 5411, loss_rpn_cls: 0.0031, loss_rpn_bbox: 0.0319, loss_cls: 0.0613, acc: 97.8086, loss_bbox: 0.0472, loss: 0.1434, grad_norm: 1.6607
2026-04-10 20:51:39,070 - mmrotate - INFO - Epoch [13][450/462]	lr: 5.000e-03, eta: 1:25:59, time: 0.484, data_time: 0.003, memory: 5411, loss_rpn_cls: 0.0024, loss_rpn_bbox: 0.0338, loss_cls: 0.0594, acc: 97.7441, loss_bbox: 0.0473, loss: 0.1429, grad_norm: 1.6321
2026-04-10 20:51:44,865 - mmrotate - INFO - Saving checkpoint at 13 epochs
2026-04-10 20:52:21,454 - mmrotate - INFO - 
+-------------+-----+------+--------+-------+
| class       | gts | dets | recall | ap    |
+-------------+-----+------+--------+-------+
| R0402       | 366 | 1357 | 0.923  | 0.898 |
| R0603       | 363 | 482  | 0.997  | 0.909 |
| LED0603     | 348 | 378  | 0.994  | 0.903 |
| R0804       | 771 | 789  | 0.992  | 0.904 |
| R2512       | 93  | 102  | 0.978  | 0.909 |
| CAP5053     | 27  | 33   | 1.000  | 1.000 |
| LQFP7070    | 21  | 24   | 1.000  | 0.977 |
| SOIC-8      | 48  | 66   | 1.000  | 1.000 |
| SOT-23      | 57  | 61   | 1.000  | 1.000 |
| TSSOP-20    | 48  | 82   | 1.000  | 1.000 |
| LED0603Flip | 69  | 76   | 1.000  | 1.000 |
+-------------+-----+------+--------+-------+
| mAP         |     |      |        | 0.955 |
+-------------+-----+------+--------+-------+
2026-04-10 20:52:21,523 - mmrotate - INFO - Exp name: oriented_rcnn_r50_fpn_1x_dota_custom_optv3.py
2026-04-10 20:52:21,524 - mmrotate - INFO - Epoch(val) [13][177]	mAP: 0.9546
2026-04-10 20:52:56,587 - mmrotate - INFO - Exp name: oriented_rcnn_r50_fpn_1x_dota_custom_optv3.py
2026-04-10 20:52:56,587 - mmrotate - INFO - Epoch(val) [13][89]	loss_rpn_cls_val: 0.0071, loss_rpn_bbox_val: 0.0441, loss_cls_val: 0.0690, acc_val: 97.4489, loss_bbox_val: 0.0698, loss_val: 0.1900
2026-04-10 20:53:33,180 - mmrotate - INFO - Epoch [14][50/462]	lr: 5.000e-03, eta: 1:25:40, time: 0.732, data_time: 0.249, memory: 5411, loss_rpn_cls: 0.0028, loss_rpn_bbox: 0.0320, loss_cls: 0.0601, acc: 98.0156, loss_bbox: 0.0508, loss: 0.1457, grad_norm: 1.5267
2026-04-10 20:53:58,648 - mmrotate - INFO - Epoch [14][100/462]	lr: 5.000e-03, eta: 1:25:18, time: 0.509, data_time: 0.004, memory: 5411, loss_rpn_cls: 0.0040, loss_rpn_bbox: 0.0330, loss_cls: 0.0596, acc: 97.7773, loss_bbox: 0.0557, loss: 0.1523, grad_norm: 1.8539
2026-04-10 20:54:21,436 - mmrotate - INFO - Epoch [14][150/462]	lr: 5.000e-03, eta: 1:24:51, time: 0.456, data_time: 0.004, memory: 5411, loss_rpn_cls: 0.0026, loss_rpn_bbox: 0.0389, loss_cls: 0.0626, acc: 97.6250, loss_bbox: 0.0543, loss: 0.1584, grad_norm: 1.6587
2026-04-10 20:54:44,276 - mmrotate - INFO - Epoch [14][200/462]	lr: 5.000e-03, eta: 1:24:24, time: 0.457, data_time: 0.004, memory: 5411, loss_rpn_cls: 0.0026, loss_rpn_bbox: 0.0309, loss_cls: 0.0584, acc: 97.7305, loss_bbox: 0.0531, loss: 0.1450, grad_norm: 1.5724
2026-04-10 20:55:07,280 - mmrotate - INFO - Epoch [14][250/462]	lr: 5.000e-03, eta: 1:23:58, time: 0.460, data_time: 0.004, memory: 5411, loss_rpn_cls: 0.0027, loss_rpn_bbox: 0.0293, loss_cls: 0.0550, acc: 97.8496, loss_bbox: 0.0516, loss: 0.1386, grad_norm: 1.7137
2026-04-10 20:55:32,366 - mmrotate - INFO - Epoch [14][300/462]	lr: 5.000e-03, eta: 1:23:35, time: 0.502, data_time: 0.003, memory: 5411, loss_rpn_cls: 0.0033, loss_rpn_bbox: 0.0226, loss_cls: 0.0548, acc: 97.7949, loss_bbox: 0.0537, loss: 0.1345, grad_norm: 1.7229
2026-04-10 20:55:55,038 - mmrotate - INFO - Epoch [14][350/462]	lr: 5.000e-03, eta: 1:23:08, time: 0.453, data_time: 0.003, memory: 5411, loss_rpn_cls: 0.0045, loss_rpn_bbox: 0.0222, loss_cls: 0.0617, acc: 97.6172, loss_bbox: 0.0472, loss: 0.1356, grad_norm: 1.9378
2026-04-10 20:56:17,825 - mmrotate - INFO - Epoch [14][400/462]	lr: 5.000e-03, eta: 1:22:41, time: 0.456, data_time: 0.004, memory: 5411, loss_rpn_cls: 0.0025, loss_rpn_bbox: 0.0397, loss_cls: 0.0617, acc: 97.5234, loss_bbox: 0.0615, loss: 0.1654, grad_norm: 1.8898
2026-04-10 20:56:41,967 - mmrotate - INFO - Epoch [14][450/462]	lr: 5.000e-03, eta: 1:22:17, time: 0.483, data_time: 0.004, memory: 5411, loss_rpn_cls: 0.0033, loss_rpn_bbox: 0.0305, loss_cls: 0.0547, acc: 97.8672, loss_bbox: 0.0486, loss: 0.1373, grad_norm: 1.6247
2026-04-10 20:56:47,751 - mmrotate - INFO - Saving checkpoint at 14 epochs
2026-04-10 20:57:24,708 - mmrotate - INFO - 
+-------------+-----+------+--------+-------+
| class       | gts | dets | recall | ap    |
+-------------+-----+------+--------+-------+
| R0402       | 366 | 474  | 0.899  | 0.810 |
| R0603       | 363 | 811  | 0.992  | 0.909 |
| LED0603     | 348 | 478  | 0.994  | 0.903 |
| R0804       | 771 | 829  | 0.991  | 0.900 |
| R2512       | 93  | 126  | 1.000  | 0.999 |
| CAP5053     | 27  | 61   | 0.963  | 0.889 |
| LQFP7070    | 21  | 319  | 1.000  | 0.840 |
| SOIC-8      | 48  | 149  | 0.979  | 0.909 |
| SOT-23      | 57  | 103  | 1.000  | 1.000 |
| TSSOP-20    | 48  | 221  | 0.979  | 0.870 |
| LED0603Flip | 69  | 76   | 1.000  | 1.000 |
+-------------+-----+------+--------+-------+
| mAP         |     |      |        | 0.912 |
+-------------+-----+------+--------+-------+
2026-04-10 20:57:24,778 - mmrotate - INFO - Exp name: oriented_rcnn_r50_fpn_1x_dota_custom_optv3.py
2026-04-10 20:57:24,778 - mmrotate - INFO - Epoch(val) [14][177]	mAP: 0.9117
2026-04-10 20:57:59,676 - mmrotate - INFO - Exp name: oriented_rcnn_r50_fpn_1x_dota_custom_optv3.py
2026-04-10 20:57:59,676 - mmrotate - INFO - Epoch(val) [14][89]	loss_rpn_cls_val: 0.0117, loss_rpn_bbox_val: 0.0479, loss_cls_val: 0.0749, acc_val: 97.1855, loss_bbox_val: 0.0714, loss_val: 0.2059
2026-04-10 20:58:36,083 - mmrotate - INFO - Epoch [15][50/462]	lr: 5.000e-03, eta: 1:21:56, time: 0.728, data_time: 0.250, memory: 5411, loss_rpn_cls: 0.0037, loss_rpn_bbox: 0.0297, loss_cls: 0.0572, acc: 97.6621, loss_bbox: 0.0534, loss: 0.1441, grad_norm: 1.7041
2026-04-10 20:59:01,557 - mmrotate - INFO - Epoch [15][100/462]	lr: 5.000e-03, eta: 1:21:34, time: 0.509, data_time: 0.004, memory: 5411, loss_rpn_cls: 0.0039, loss_rpn_bbox: 0.0271, loss_cls: 0.0545, acc: 97.7324, loss_bbox: 0.0571, loss: 0.1426, grad_norm: 1.8599
2026-04-10 20:59:24,267 - mmrotate - INFO - Epoch [15][150/462]	lr: 5.000e-03, eta: 1:21:07, time: 0.454, data_time: 0.004, memory: 5411, loss_rpn_cls: 0.0032, loss_rpn_bbox: 0.0310, loss_cls: 0.0531, acc: 97.8145, loss_bbox: 0.0488, loss: 0.1361, grad_norm: 1.6576
2026-04-10 20:59:46,867 - mmrotate - INFO - Epoch [15][200/462]	lr: 5.000e-03, eta: 1:20:40, time: 0.452, data_time: 0.004, memory: 5411, loss_rpn_cls: 0.0028, loss_rpn_bbox: 0.0355, loss_cls: 0.0568, acc: 97.7051, loss_bbox: 0.0571, loss: 0.1522, grad_norm: 1.7610
2026-04-10 21:00:09,817 - mmrotate - INFO - Epoch [15][250/462]	lr: 5.000e-03, eta: 1:20:14, time: 0.459, data_time: 0.004, memory: 5411, loss_rpn_cls: 0.0029, loss_rpn_bbox: 0.0298, loss_cls: 0.0532, acc: 97.8574, loss_bbox: 0.0479, loss: 0.1338, grad_norm: 1.6162
2026-04-10 21:00:34,755 - mmrotate - INFO - Epoch [15][300/462]	lr: 5.000e-03, eta: 1:19:51, time: 0.499, data_time: 0.003, memory: 5411, loss_rpn_cls: 0.0029, loss_rpn_bbox: 0.0277, loss_cls: 0.0555, acc: 97.7539, loss_bbox: 0.0469, loss: 0.1329, grad_norm: 1.5572
2026-04-10 21:00:57,660 - mmrotate - INFO - Epoch [15][350/462]	lr: 5.000e-03, eta: 1:19:24, time: 0.458, data_time: 0.003, memory: 5411, loss_rpn_cls: 0.0024, loss_rpn_bbox: 0.0208, loss_cls: 0.0490, acc: 97.9570, loss_bbox: 0.0396, loss: 0.1118, grad_norm: 1.3979
2026-04-10 21:01:20,314 - mmrotate - INFO - Epoch [15][400/462]	lr: 5.000e-03, eta: 1:18:58, time: 0.453, data_time: 0.003, memory: 5411, loss_rpn_cls: 0.0027, loss_rpn_bbox: 0.0341, loss_cls: 0.0644, acc: 97.4199, loss_bbox: 0.0562, loss: 0.1575, grad_norm: 1.8096
2026-04-10 21:01:44,319 - mmrotate - INFO - Epoch [15][450/462]	lr: 5.000e-03, eta: 1:18:33, time: 0.480, data_time: 0.004, memory: 5411, loss_rpn_cls: 0.0025, loss_rpn_bbox: 0.0293, loss_cls: 0.0543, acc: 97.9141, loss_bbox: 0.0519, loss: 0.1380, grad_norm: 1.6543
2026-04-10 21:01:50,225 - mmrotate - INFO - Saving checkpoint at 15 epochs
2026-04-10 21:02:26,976 - mmrotate - INFO - 
+-------------+-----+------+--------+-------+
| class       | gts | dets | recall | ap    |
+-------------+-----+------+--------+-------+
| R0402       | 366 | 434  | 0.937  | 0.898 |
| R0603       | 363 | 438  | 0.997  | 0.909 |
| LED0603     | 348 | 400  | 0.983  | 0.894 |
| R0804       | 771 | 796  | 0.992  | 0.906 |
| R2512       | 93  | 135  | 1.000  | 1.000 |
| CAP5053     | 27  | 33   | 1.000  | 1.000 |
| LQFP7070    | 21  | 24   | 1.000  | 0.977 |
| SOIC-8      | 48  | 80   | 1.000  | 0.995 |
| SOT-23      | 57  | 67   | 1.000  | 1.000 |
| TSSOP-20    | 48  | 64   | 1.000  | 1.000 |
| LED0603Flip | 69  | 75   | 1.000  | 1.000 |
+-------------+-----+------+--------+-------+
| mAP         |     |      |        | 0.962 |
+-------------+-----+------+--------+-------+
2026-04-10 21:02:27,048 - mmrotate - INFO - Exp name: oriented_rcnn_r50_fpn_1x_dota_custom_optv3.py
2026-04-10 21:02:27,048 - mmrotate - INFO - Epoch(val) [15][177]	mAP: 0.9617
2026-04-10 21:03:02,151 - mmrotate - INFO - Exp name: oriented_rcnn_r50_fpn_1x_dota_custom_optv3.py
2026-04-10 21:03:02,151 - mmrotate - INFO - Epoch(val) [15][89]	loss_rpn_cls_val: 0.0052, loss_rpn_bbox_val: 0.0353, loss_cls_val: 0.0658, acc_val: 97.4313, loss_bbox_val: 0.0619, loss_val: 0.1682
2026-04-10 21:03:38,361 - mmrotate - INFO - Epoch [16][50/462]	lr: 5.000e-03, eta: 1:18:11, time: 0.724, data_time: 0.249, memory: 5411, loss_rpn_cls: 0.0015, loss_rpn_bbox: 0.0210, loss_cls: 0.0506, acc: 98.1328, loss_bbox: 0.0413, loss: 0.1144, grad_norm: 1.3850
2026-04-10 21:04:03,868 - mmrotate - INFO - Epoch [16][100/462]	lr: 5.000e-03, eta: 1:17:49, time: 0.510, data_time: 0.004, memory: 5411, loss_rpn_cls: 0.0022, loss_rpn_bbox: 0.0205, loss_cls: 0.0531, acc: 97.8340, loss_bbox: 0.0523, loss: 0.1281, grad_norm: 1.6140
2026-04-10 21:04:26,543 - mmrotate - INFO - Epoch [16][150/462]	lr: 5.000e-03, eta: 1:17:22, time: 0.454, data_time: 0.003, memory: 5411, loss_rpn_cls: 0.0027, loss_rpn_bbox: 0.0303, loss_cls: 0.0567, acc: 97.7461, loss_bbox: 0.0517, loss: 0.1414, grad_norm: 1.5898
2026-04-10 21:04:49,121 - mmrotate - INFO - Epoch [16][200/462]	lr: 5.000e-03, eta: 1:16:56, time: 0.452, data_time: 0.003, memory: 5411, loss_rpn_cls: 0.0025, loss_rpn_bbox: 0.0180, loss_cls: 0.0563, acc: 97.8105, loss_bbox: 0.0444, loss: 0.1212, grad_norm: 1.4777
2026-04-10 21:05:12,356 - mmrotate - INFO - Epoch [16][250/462]	lr: 5.000e-03, eta: 1:16:30, time: 0.465, data_time: 0.004, memory: 5411, loss_rpn_cls: 0.0023, loss_rpn_bbox: 0.0340, loss_cls: 0.0510, acc: 97.9922, loss_bbox: 0.0459, loss: 0.1332, grad_norm: 1.6407
2026-04-10 21:05:37,368 - mmrotate - INFO - Epoch [16][300/462]	lr: 5.000e-03, eta: 1:16:07, time: 0.500, data_time: 0.004, memory: 5411, loss_rpn_cls: 0.0022, loss_rpn_bbox: 0.0290, loss_cls: 0.0547, acc: 97.8984, loss_bbox: 0.0496, loss: 0.1356, grad_norm: 1.6159
2026-04-10 21:06:00,140 - mmrotate - INFO - Epoch [16][350/462]	lr: 5.000e-03, eta: 1:15:40, time: 0.455, data_time: 0.003, memory: 5411, loss_rpn_cls: 0.0025, loss_rpn_bbox: 0.0249, loss_cls: 0.0571, acc: 97.7500, loss_bbox: 0.0545, loss: 0.1390, grad_norm: 1.7152
2026-04-10 21:06:22,969 - mmrotate - INFO - Epoch [16][400/462]	lr: 5.000e-03, eta: 1:15:14, time: 0.457, data_time: 0.004, memory: 5411, loss_rpn_cls: 0.0029, loss_rpn_bbox: 0.0349, loss_cls: 0.0666, acc: 97.4004, loss_bbox: 0.0559, loss: 0.1602, grad_norm: 1.7608
2026-04-10 21:06:47,777 - mmrotate - INFO - Epoch [16][450/462]	lr: 5.000e-03, eta: 1:14:51, time: 0.496, data_time: 0.003, memory: 5411, loss_rpn_cls: 0.0028, loss_rpn_bbox: 0.0283, loss_cls: 0.0511, acc: 97.9238, loss_bbox: 0.0438, loss: 0.1259, grad_norm: 1.4244
2026-04-10 21:06:53,637 - mmrotate - INFO - Saving checkpoint at 16 epochs
2026-04-10 21:07:30,159 - mmrotate - INFO - 
+-------------+-----+------+--------+-------+
| class       | gts | dets | recall | ap    |
+-------------+-----+------+--------+-------+
| R0402       | 366 | 752  | 0.923  | 0.897 |
| R0603       | 363 | 449  | 0.981  | 0.909 |
| LED0603     | 348 | 376  | 0.977  | 0.893 |
| R0804       | 771 | 799  | 0.992  | 0.905 |
| R2512       | 93  | 99   | 1.000  | 1.000 |
| CAP5053     | 27  | 33   | 1.000  | 1.000 |
| LQFP7070    | 21  | 24   | 1.000  | 0.977 |
| SOIC-8      | 48  | 85   | 1.000  | 1.000 |
| SOT-23      | 57  | 67   | 1.000  | 1.000 |
| TSSOP-20    | 48  | 66   | 1.000  | 1.000 |
| LED0603Flip | 69  | 72   | 1.000  | 1.000 |
+-------------+-----+------+--------+-------+
| mAP         |     |      |        | 0.962 |
+-------------+-----+------+--------+-------+
2026-04-10 21:07:30,240 - mmrotate - INFO - Exp name: oriented_rcnn_r50_fpn_1x_dota_custom_optv3.py
2026-04-10 21:07:30,240 - mmrotate - INFO - Epoch(val) [16][177]	mAP: 0.9620
2026-04-10 21:08:05,205 - mmrotate - INFO - Exp name: oriented_rcnn_r50_fpn_1x_dota_custom_optv3.py
2026-04-10 21:08:05,205 - mmrotate - INFO - Epoch(val) [16][89]	loss_rpn_cls_val: 0.0063, loss_rpn_bbox_val: 0.0386, loss_cls_val: 0.0659, acc_val: 97.4225, loss_bbox_val: 0.0667, loss_val: 0.1775
2026-04-10 21:08:41,570 - mmrotate - INFO - Epoch [17][50/462]	lr: 5.000e-03, eta: 1:14:28, time: 0.727, data_time: 0.249, memory: 5411, loss_rpn_cls: 0.0023, loss_rpn_bbox: 0.0360, loss_cls: 0.0540, acc: 97.8574, loss_bbox: 0.0516, loss: 0.1440, grad_norm: 1.7718
2026-04-10 21:09:07,012 - mmrotate - INFO - Epoch [17][100/462]	lr: 5.000e-03, eta: 1:14:05, time: 0.509, data_time: 0.004, memory: 5411, loss_rpn_cls: 0.0024, loss_rpn_bbox: 0.0295, loss_cls: 0.0558, acc: 97.7324, loss_bbox: 0.0495, loss: 0.1371, grad_norm: 1.5057
2026-04-10 21:09:29,834 - mmrotate - INFO - Epoch [17][150/462]	lr: 5.000e-03, eta: 1:13:39, time: 0.456, data_time: 0.003, memory: 5411, loss_rpn_cls: 0.0028, loss_rpn_bbox: 0.0223, loss_cls: 0.0481, acc: 98.0977, loss_bbox: 0.0479, loss: 0.1211, grad_norm: 1.5480
2026-04-10 21:09:52,449 - mmrotate - INFO - Epoch [17][200/462]	lr: 5.000e-03, eta: 1:13:13, time: 0.452, data_time: 0.003, memory: 5411, loss_rpn_cls: 0.0026, loss_rpn_bbox: 0.0251, loss_cls: 0.0516, acc: 97.9492, loss_bbox: 0.0490, loss: 0.1283, grad_norm: 1.6126
2026-04-10 21:10:15,692 - mmrotate - INFO - Epoch [17][250/462]	lr: 5.000e-03, eta: 1:12:47, time: 0.465, data_time: 0.003, memory: 5411, loss_rpn_cls: 0.0022, loss_rpn_bbox: 0.0301, loss_cls: 0.0596, acc: 97.6074, loss_bbox: 0.0513, loss: 0.1432, grad_norm: 1.8127
2026-04-10 21:10:40,727 - mmrotate - INFO - Epoch [17][300/462]	lr: 5.000e-03, eta: 1:12:24, time: 0.501, data_time: 0.003, memory: 5411, loss_rpn_cls: 0.0025, loss_rpn_bbox: 0.0245, loss_cls: 0.0512, acc: 97.9961, loss_bbox: 0.0514, loss: 0.1295, grad_norm: 1.6423
2026-04-10 21:11:07,855 - mmrotate - INFO - Epoch [17][350/462]	lr: 5.000e-03, eta: 1:12:03, time: 0.543, data_time: 0.004, memory: 5411, loss_rpn_cls: 0.0021, loss_rpn_bbox: 0.0277, loss_cls: 0.0476, acc: 98.0898, loss_bbox: 0.0481, loss: 0.1255, grad_norm: 1.4503
2026-04-10 21:11:38,925 - mmrotate - INFO - Epoch [17][400/462]	lr: 5.000e-03, eta: 1:11:46, time: 0.621, data_time: 0.003, memory: 5411, loss_rpn_cls: 0.0020, loss_rpn_bbox: 0.0241, loss_cls: 0.0502, acc: 97.9941, loss_bbox: 0.0443, loss: 0.1207, grad_norm: 1.5095
2026-04-10 21:12:10,078 - mmrotate - INFO - Epoch [17][450/462]	lr: 5.000e-03, eta: 1:11:30, time: 0.623, data_time: 0.004, memory: 5411, loss_rpn_cls: 0.0030, loss_rpn_bbox: 0.0325, loss_cls: 0.0524, acc: 97.8945, loss_bbox: 0.0437, loss: 0.1316, grad_norm: 1.5089
2026-04-10 21:12:16,555 - mmrotate - INFO - Saving checkpoint at 17 epochs
2026-04-10 21:12:52,074 - mmrotate - INFO - 
+-------------+-----+------+--------+-------+
| class       | gts | dets | recall | ap    |
+-------------+-----+------+--------+-------+
| R0402       | 366 | 457  | 0.863  | 0.796 |
| R0603       | 363 | 1089 | 1.000  | 0.962 |
| LED0603     | 348 | 360  | 0.983  | 0.888 |
| R0804       | 771 | 783  | 0.984  | 0.900 |
| R2512       | 93  | 112  | 0.989  | 0.909 |
| CAP5053     | 27  | 28   | 1.000  | 1.000 |
| LQFP7070    | 21  | 25   | 1.000  | 0.977 |
| SOIC-8      | 48  | 58   | 1.000  | 1.000 |
| SOT-23      | 57  | 62   | 1.000  | 1.000 |
| TSSOP-20    | 48  | 70   | 0.979  | 0.909 |
| LED0603Flip | 69  | 74   | 0.986  | 0.905 |
+-------------+-----+------+--------+-------+
| mAP         |     |      |        | 0.932 |
+-------------+-----+------+--------+-------+
2026-04-10 21:12:52,153 - mmrotate - INFO - Exp name: oriented_rcnn_r50_fpn_1x_dota_custom_optv3.py
2026-04-10 21:12:52,153 - mmrotate - INFO - Epoch(val) [17][177]	mAP: 0.9316
2026-04-10 21:13:27,998 - mmrotate - INFO - Exp name: oriented_rcnn_r50_fpn_1x_dota_custom_optv3.py
2026-04-10 21:13:27,998 - mmrotate - INFO - Epoch(val) [17][89]	loss_rpn_cls_val: 0.0066, loss_rpn_bbox_val: 0.0356, loss_cls_val: 0.0716, acc_val: 97.2448, loss_bbox_val: 0.0594, loss_val: 0.1733
2026-04-10 21:14:04,324 - mmrotate - INFO - Epoch [18][50/462]	lr: 5.000e-03, eta: 1:11:06, time: 0.726, data_time: 0.252, memory: 5411, loss_rpn_cls: 0.0022, loss_rpn_bbox: 0.0358, loss_cls: 0.0500, acc: 97.9707, loss_bbox: 0.0466, loss: 0.1346, grad_norm: 1.5394
2026-04-10 21:14:30,848 - mmrotate - INFO - Epoch [18][100/462]	lr: 5.000e-03, eta: 1:10:44, time: 0.530, data_time: 0.004, memory: 5411, loss_rpn_cls: 0.0025, loss_rpn_bbox: 0.0370, loss_cls: 0.0544, acc: 97.7969, loss_bbox: 0.0494, loss: 0.1432, grad_norm: 1.6464
2026-04-10 21:14:53,478 - mmrotate - INFO - Epoch [18][150/462]	lr: 5.000e-03, eta: 1:10:17, time: 0.453, data_time: 0.003, memory: 5411, loss_rpn_cls: 0.0029, loss_rpn_bbox: 0.0331, loss_cls: 0.0542, acc: 97.8867, loss_bbox: 0.0511, loss: 0.1413, grad_norm: 1.5845
2026-04-10 21:15:16,147 - mmrotate - INFO - Epoch [18][200/462]	lr: 5.000e-03, eta: 1:09:51, time: 0.453, data_time: 0.004, memory: 5411, loss_rpn_cls: 0.0032, loss_rpn_bbox: 0.0247, loss_cls: 0.0473, acc: 98.1133, loss_bbox: 0.0425, loss: 0.1177, grad_norm: 1.4792
2026-04-10 21:15:40,170 - mmrotate - INFO - Epoch [18][250/462]	lr: 5.000e-03, eta: 1:09:26, time: 0.480, data_time: 0.004, memory: 5411, loss_rpn_cls: 0.0023, loss_rpn_bbox: 0.0230, loss_cls: 0.0410, acc: 98.3457, loss_bbox: 0.0389, loss: 0.1052, grad_norm: 1.3409
2026-04-10 21:16:08,955 - mmrotate - INFO - Epoch [18][300/462]	lr: 5.000e-03, eta: 1:09:06, time: 0.576, data_time: 0.004, memory: 5411, loss_rpn_cls: 0.0018, loss_rpn_bbox: 0.0236, loss_cls: 0.0538, acc: 97.7969, loss_bbox: 0.0426, loss: 0.1217, grad_norm: 1.4114
2026-04-10 21:16:32,390 - mmrotate - INFO - Epoch [18][350/462]	lr: 5.000e-03, eta: 1:08:41, time: 0.469, data_time: 0.004, memory: 5411, loss_rpn_cls: 0.0034, loss_rpn_bbox: 0.0274, loss_cls: 0.0579, acc: 97.6074, loss_bbox: 0.0510, loss: 0.1397, grad_norm: 1.6440
2026-04-10 21:16:55,027 - mmrotate - INFO - Epoch [18][400/462]	lr: 5.000e-03, eta: 1:08:14, time: 0.453, data_time: 0.004, memory: 5411, loss_rpn_cls: 0.0021, loss_rpn_bbox: 0.0345, loss_cls: 0.0519, acc: 97.9004, loss_bbox: 0.0439, loss: 0.1324, grad_norm: 1.5371
2026-04-10 21:17:18,950 - mmrotate - INFO - Epoch [18][450/462]	lr: 5.000e-03, eta: 1:07:49, time: 0.478, data_time: 0.003, memory: 5411, loss_rpn_cls: 0.0026, loss_rpn_bbox: 0.0293, loss_cls: 0.0518, acc: 97.8711, loss_bbox: 0.0458, loss: 0.1295, grad_norm: 1.6124
2026-04-10 21:17:24,830 - mmrotate - INFO - Saving checkpoint at 18 epochs
2026-04-10 21:18:01,108 - mmrotate - INFO - 
+-------------+-----+------+--------+-------+
| class       | gts | dets | recall | ap    |
+-------------+-----+------+--------+-------+
| R0402       | 366 | 421  | 0.915  | 0.892 |
| R0603       | 363 | 512  | 0.997  | 0.909 |
| LED0603     | 348 | 396  | 0.983  | 0.904 |
| R0804       | 771 | 806  | 0.995  | 0.903 |
| R2512       | 93  | 99   | 1.000  | 1.000 |
| CAP5053     | 27  | 30   | 1.000  | 1.000 |
| LQFP7070    | 21  | 25   | 1.000  | 0.972 |
| SOIC-8      | 48  | 75   | 1.000  | 1.000 |
| SOT-23      | 57  | 102  | 1.000  | 1.000 |
| TSSOP-20    | 48  | 63   | 1.000  | 1.000 |
| LED0603Flip | 69  | 77   | 1.000  | 1.000 |
+-------------+-----+------+--------+-------+
| mAP         |     |      |        | 0.962 |
+-------------+-----+------+--------+-------+
2026-04-10 21:18:01,179 - mmrotate - INFO - Exp name: oriented_rcnn_r50_fpn_1x_dota_custom_optv3.py
2026-04-10 21:18:01,179 - mmrotate - INFO - Epoch(val) [18][177]	mAP: 0.9619
2026-04-10 21:18:36,143 - mmrotate - INFO - Exp name: oriented_rcnn_r50_fpn_1x_dota_custom_optv3.py
2026-04-10 21:18:36,143 - mmrotate - INFO - Epoch(val) [18][89]	loss_rpn_cls_val: 0.0054, loss_rpn_bbox_val: 0.0417, loss_cls_val: 0.0582, acc_val: 97.7001, loss_bbox_val: 0.0663, loss_val: 0.1717
2026-04-10 21:19:12,601 - mmrotate - INFO - Epoch [19][50/462]	lr: 5.000e-03, eta: 1:07:25, time: 0.729, data_time: 0.249, memory: 5411, loss_rpn_cls: 0.0034, loss_rpn_bbox: 0.0258, loss_cls: 0.0536, acc: 97.8789, loss_bbox: 0.0458, loss: 0.1286, grad_norm: 1.5134
2026-04-10 21:19:37,887 - mmrotate - INFO - Epoch [19][100/462]	lr: 5.000e-03, eta: 1:07:02, time: 0.506, data_time: 0.004, memory: 5411, loss_rpn_cls: 0.0020, loss_rpn_bbox: 0.0259, loss_cls: 0.0482, acc: 98.0195, loss_bbox: 0.0395, loss: 0.1156, grad_norm: 1.5764
2026-04-10 21:20:00,591 - mmrotate - INFO - Epoch [19][150/462]	lr: 5.000e-03, eta: 1:06:35, time: 0.454, data_time: 0.004, memory: 5411, loss_rpn_cls: 0.0035, loss_rpn_bbox: 0.0286, loss_cls: 0.0543, acc: 97.8027, loss_bbox: 0.0505, loss: 0.1369, grad_norm: 1.5719
2026-04-10 21:20:23,229 - mmrotate - INFO - Epoch [19][200/462]	lr: 5.000e-03, eta: 1:06:09, time: 0.453, data_time: 0.003, memory: 5411, loss_rpn_cls: 0.0023, loss_rpn_bbox: 0.0245, loss_cls: 0.0511, acc: 97.9727, loss_bbox: 0.0431, loss: 0.1210, grad_norm: 1.5179
2026-04-10 21:20:46,435 - mmrotate - INFO - Epoch [19][250/462]	lr: 5.000e-03, eta: 1:05:44, time: 0.464, data_time: 0.003, memory: 5411, loss_rpn_cls: 0.0020, loss_rpn_bbox: 0.0247, loss_cls: 0.0480, acc: 98.0645, loss_bbox: 0.0400, loss: 0.1147, grad_norm: 1.4707
2026-04-10 21:21:11,446 - mmrotate - INFO - Epoch [19][300/462]	lr: 5.000e-03, eta: 1:05:20, time: 0.500, data_time: 0.003, memory: 5411, loss_rpn_cls: 0.0030, loss_rpn_bbox: 0.0235, loss_cls: 0.0533, acc: 97.8223, loss_bbox: 0.0426, loss: 0.1224, grad_norm: 1.5281
2026-04-10 21:21:34,177 - mmrotate - INFO - Epoch [19][350/462]	lr: 5.000e-03, eta: 1:04:54, time: 0.455, data_time: 0.003, memory: 5411, loss_rpn_cls: 0.0027, loss_rpn_bbox: 0.0257, loss_cls: 0.0512, acc: 97.9160, loss_bbox: 0.0456, loss: 0.1253, grad_norm: 1.5509
2026-04-10 21:21:57,352 - mmrotate - INFO - Epoch [19][400/462]	lr: 5.000e-03, eta: 1:04:28, time: 0.463, data_time: 0.003, memory: 5411, loss_rpn_cls: 0.0015, loss_rpn_bbox: 0.0318, loss_cls: 0.0495, acc: 97.9707, loss_bbox: 0.0458, loss: 0.1286, grad_norm: 1.3957
2026-04-10 21:22:21,221 - mmrotate - INFO - Epoch [19][450/462]	lr: 5.000e-03, eta: 1:04:03, time: 0.477, data_time: 0.003, memory: 5411, loss_rpn_cls: 0.0017, loss_rpn_bbox: 0.0238, loss_cls: 0.0495, acc: 98.0000, loss_bbox: 0.0398, loss: 0.1148, grad_norm: 1.5385
2026-04-10 21:22:27,033 - mmrotate - INFO - Saving checkpoint at 19 epochs
2026-04-10 21:23:04,523 - mmrotate - INFO - 
+-------------+-----+------+--------+-------+
| class       | gts | dets | recall | ap    |
+-------------+-----+------+--------+-------+
| R0402       | 366 | 401  | 0.899  | 0.813 |
| R0603       | 363 | 429  | 0.997  | 0.909 |
| LED0603     | 348 | 364  | 0.983  | 0.897 |
| R0804       | 771 | 811  | 0.996  | 0.906 |
| R2512       | 93  | 96   | 1.000  | 1.000 |
| CAP5053     | 27  | 29   | 1.000  | 1.000 |
| LQFP7070    | 21  | 25   | 1.000  | 0.977 |
| SOIC-8      | 48  | 57   | 1.000  | 1.000 |
| SOT-23      | 57  | 64   | 1.000  | 1.000 |
| TSSOP-20    | 48  | 78   | 0.958  | 0.890 |
| LED0603Flip | 69  | 71   | 1.000  | 1.000 |
+-------------+-----+------+--------+-------+
| mAP         |     |      |        | 0.945 |
+-------------+-----+------+--------+-------+
2026-04-10 21:23:04,597 - mmrotate - INFO - Exp name: oriented_rcnn_r50_fpn_1x_dota_custom_optv3.py
2026-04-10 21:23:04,598 - mmrotate - INFO - Epoch(val) [19][177]	mAP: 0.9448
2026-04-10 21:23:39,641 - mmrotate - INFO - Exp name: oriented_rcnn_r50_fpn_1x_dota_custom_optv3.py
2026-04-10 21:23:39,641 - mmrotate - INFO - Epoch(val) [19][89]	loss_rpn_cls_val: 0.0066, loss_rpn_bbox_val: 0.0365, loss_cls_val: 0.0584, acc_val: 97.7385, loss_bbox_val: 0.0529, loss_val: 0.1543
2026-04-10 21:24:16,640 - mmrotate - INFO - Epoch [20][50/462]	lr: 5.000e-03, eta: 1:03:39, time: 0.740, data_time: 0.250, memory: 5411, loss_rpn_cls: 0.0015, loss_rpn_bbox: 0.0200, loss_cls: 0.0457, acc: 98.1387, loss_bbox: 0.0391, loss: 0.1063, grad_norm: 1.3432
2026-04-10 21:24:42,694 - mmrotate - INFO - Epoch [20][100/462]	lr: 5.000e-03, eta: 1:03:16, time: 0.521, data_time: 0.004, memory: 5411, loss_rpn_cls: 0.0031, loss_rpn_bbox: 0.0266, loss_cls: 0.0536, acc: 97.7773, loss_bbox: 0.0442, loss: 0.1275, grad_norm: 1.5380
2026-04-10 21:25:05,536 - mmrotate - INFO - Epoch [20][150/462]	lr: 5.000e-03, eta: 1:02:50, time: 0.457, data_time: 0.003, memory: 5411, loss_rpn_cls: 0.0020, loss_rpn_bbox: 0.0427, loss_cls: 0.0530, acc: 97.8320, loss_bbox: 0.0508, loss: 0.1485, grad_norm: 1.6035
2026-04-10 21:25:29,193 - mmrotate - INFO - Epoch [20][200/462]	lr: 5.000e-03, eta: 1:02:25, time: 0.473, data_time: 0.003, memory: 5411, loss_rpn_cls: 0.0026, loss_rpn_bbox: 0.0212, loss_cls: 0.0492, acc: 98.0547, loss_bbox: 0.0408, loss: 0.1137, grad_norm: 1.3747
2026-04-10 21:25:52,290 - mmrotate - INFO - Epoch [20][250/462]	lr: 5.000e-03, eta: 1:01:59, time: 0.462, data_time: 0.004, memory: 5411, loss_rpn_cls: 0.0017, loss_rpn_bbox: 0.0311, loss_cls: 0.0468, acc: 98.1113, loss_bbox: 0.0406, loss: 0.1202, grad_norm: 1.5181
2026-04-10 21:26:17,257 - mmrotate - INFO - Epoch [20][300/462]	lr: 5.000e-03, eta: 1:01:35, time: 0.499, data_time: 0.004, memory: 5411, loss_rpn_cls: 0.0024, loss_rpn_bbox: 0.0244, loss_cls: 0.0543, acc: 97.7578, loss_bbox: 0.0441, loss: 0.1253, grad_norm: 1.5569
2026-04-10 21:26:41,118 - mmrotate - INFO - Epoch [20][350/462]	lr: 5.000e-03, eta: 1:01:10, time: 0.477, data_time: 0.004, memory: 5411, loss_rpn_cls: 0.0028, loss_rpn_bbox: 0.0281, loss_cls: 0.0500, acc: 97.9824, loss_bbox: 0.0423, loss: 0.1233, grad_norm: 1.5960
2026-04-10 21:27:03,824 - mmrotate - INFO - Epoch [20][400/462]	lr: 5.000e-03, eta: 1:00:44, time: 0.454, data_time: 0.004, memory: 5411, loss_rpn_cls: 0.0025, loss_rpn_bbox: 0.0349, loss_cls: 0.0493, acc: 97.9824, loss_bbox: 0.0521, loss: 0.1389, grad_norm: 1.5832
2026-04-10 21:27:28,248 - mmrotate - INFO - Epoch [20][450/462]	lr: 5.000e-03, eta: 1:00:20, time: 0.488, data_time: 0.003, memory: 5411, loss_rpn_cls: 0.0026, loss_rpn_bbox: 0.0242, loss_cls: 0.0469, acc: 98.0781, loss_bbox: 0.0416, loss: 0.1152, grad_norm: 1.4072
2026-04-10 21:27:34,612 - mmrotate - INFO - Saving checkpoint at 20 epochs
2026-04-10 21:28:10,891 - mmrotate - INFO - 
+-------------+-----+------+--------+-------+
| class       | gts | dets | recall | ap    |
+-------------+-----+------+--------+-------+
| R0402       | 366 | 400  | 0.918  | 0.898 |
| R0603       | 363 | 438  | 1.000  | 0.999 |
| LED0603     | 348 | 454  | 0.983  | 0.894 |
| R0804       | 771 | 788  | 0.999  | 0.907 |
| R2512       | 93  | 107  | 0.989  | 0.909 |
| CAP5053     | 27  | 30   | 1.000  | 1.000 |
| LQFP7070    | 21  | 25   | 1.000  | 0.972 |
| SOIC-8      | 48  | 64   | 1.000  | 1.000 |
| SOT-23      | 57  | 65   | 1.000  | 1.000 |
| TSSOP-20    | 48  | 60   | 1.000  | 1.000 |
| LED0603Flip | 69  | 69   | 1.000  | 1.000 |
+-------------+-----+------+--------+-------+
| mAP         |     |      |        | 0.962 |
+-------------+-----+------+--------+-------+
2026-04-10 21:28:10,962 - mmrotate - INFO - Exp name: oriented_rcnn_r50_fpn_1x_dota_custom_optv3.py
2026-04-10 21:28:10,962 - mmrotate - INFO - Epoch(val) [20][177]	mAP: 0.9617
2026-04-10 21:28:46,607 - mmrotate - INFO - Exp name: oriented_rcnn_r50_fpn_1x_dota_custom_optv3.py
2026-04-10 21:28:46,607 - mmrotate - INFO - Epoch(val) [20][89]	loss_rpn_cls_val: 0.0067, loss_rpn_bbox_val: 0.0390, loss_cls_val: 0.0570, acc_val: 97.7484, loss_bbox_val: 0.0609, loss_val: 0.1636
2026-04-10 21:29:22,872 - mmrotate - INFO - Epoch [21][50/462]	lr: 5.000e-03, eta: 0:59:54, time: 0.725, data_time: 0.250, memory: 5411, loss_rpn_cls: 0.0027, loss_rpn_bbox: 0.0295, loss_cls: 0.0521, acc: 97.9434, loss_bbox: 0.0473, loss: 0.1316, grad_norm: 1.5015
2026-04-10 21:29:48,391 - mmrotate - INFO - Epoch [21][100/462]	lr: 5.000e-03, eta: 0:59:30, time: 0.510, data_time: 0.004, memory: 5411, loss_rpn_cls: 0.0022, loss_rpn_bbox: 0.0238, loss_cls: 0.0489, acc: 98.0859, loss_bbox: 0.0413, loss: 0.1162, grad_norm: 1.3764
2026-04-10 21:30:11,208 - mmrotate - INFO - Epoch [21][150/462]	lr: 5.000e-03, eta: 0:59:05, time: 0.456, data_time: 0.003, memory: 5411, loss_rpn_cls: 0.0029, loss_rpn_bbox: 0.0221, loss_cls: 0.0444, acc: 98.1895, loss_bbox: 0.0373, loss: 0.1067, grad_norm: 1.3651
2026-04-10 21:30:33,691 - mmrotate - INFO - Epoch [21][200/462]	lr: 5.000e-03, eta: 0:58:39, time: 0.450, data_time: 0.003, memory: 5411, loss_rpn_cls: 0.0026, loss_rpn_bbox: 0.0229, loss_cls: 0.0516, acc: 98.0312, loss_bbox: 0.0421, loss: 0.1192, grad_norm: 1.5433
2026-04-10 21:30:56,726 - mmrotate - INFO - Epoch [21][250/462]	lr: 5.000e-03, eta: 0:58:13, time: 0.461, data_time: 0.003, memory: 5411, loss_rpn_cls: 0.0016, loss_rpn_bbox: 0.0266, loss_cls: 0.0490, acc: 98.0664, loss_bbox: 0.0437, loss: 0.1210, grad_norm: 1.3690
2026-04-10 21:31:21,861 - mmrotate - INFO - Epoch [21][300/462]	lr: 5.000e-03, eta: 0:57:49, time: 0.503, data_time: 0.004, memory: 5411, loss_rpn_cls: 0.0023, loss_rpn_bbox: 0.0253, loss_cls: 0.0515, acc: 97.9414, loss_bbox: 0.0404, loss: 0.1195, grad_norm: 1.4138
2026-04-10 21:31:44,575 - mmrotate - INFO - Epoch [21][350/462]	lr: 5.000e-03, eta: 0:57:23, time: 0.454, data_time: 0.003, memory: 5411, loss_rpn_cls: 0.0024, loss_rpn_bbox: 0.0199, loss_cls: 0.0532, acc: 97.9023, loss_bbox: 0.0442, loss: 0.1197, grad_norm: 1.6000
2026-04-10 21:32:07,335 - mmrotate - INFO - Epoch [21][400/462]	lr: 5.000e-03, eta: 0:56:58, time: 0.455, data_time: 0.004, memory: 5411, loss_rpn_cls: 0.0019, loss_rpn_bbox: 0.0287, loss_cls: 0.0518, acc: 97.9648, loss_bbox: 0.0467, loss: 0.1291, grad_norm: 1.5958
2026-04-10 21:32:31,258 - mmrotate - INFO - Epoch [21][450/462]	lr: 5.000e-03, eta: 0:56:33, time: 0.478, data_time: 0.004, memory: 5411, loss_rpn_cls: 0.0024, loss_rpn_bbox: 0.0317, loss_cls: 0.0500, acc: 97.9863, loss_bbox: 0.0451, loss: 0.1292, grad_norm: 1.5181
2026-04-10 21:32:37,087 - mmrotate - INFO - Saving checkpoint at 21 epochs
2026-04-10 21:33:13,455 - mmrotate - INFO - 
+-------------+-----+------+--------+-------+
| class       | gts | dets | recall | ap    |
+-------------+-----+------+--------+-------+
| R0402       | 366 | 386  | 0.915  | 0.893 |
| R0603       | 363 | 618  | 1.000  | 0.998 |
| LED0603     | 348 | 354  | 0.977  | 0.894 |
| R0804       | 771 | 791  | 0.996  | 0.902 |
| R2512       | 93  | 104  | 1.000  | 0.997 |
| CAP5053     | 27  | 28   | 1.000  | 1.000 |
| LQFP7070    | 21  | 25   | 1.000  | 0.977 |
| SOIC-8      | 48  | 55   | 1.000  | 1.000 |
| SOT-23      | 57  | 62   | 1.000  | 1.000 |
| TSSOP-20    | 48  | 72   | 1.000  | 1.000 |
| LED0603Flip | 69  | 69   | 1.000  | 1.000 |
+-------------+-----+------+--------+-------+
| mAP         |     |      |        | 0.969 |
+-------------+-----+------+--------+-------+
2026-04-10 21:33:13,534 - mmrotate - INFO - Exp name: oriented_rcnn_r50_fpn_1x_dota_custom_optv3.py
2026-04-10 21:33:13,535 - mmrotate - INFO - Epoch(val) [21][177]	mAP: 0.9691
2026-04-10 21:33:48,650 - mmrotate - INFO - Exp name: oriented_rcnn_r50_fpn_1x_dota_custom_optv3.py
2026-04-10 21:33:48,650 - mmrotate - INFO - Epoch(val) [21][89]	loss_rpn_cls_val: 0.0064, loss_rpn_bbox_val: 0.0407, loss_cls_val: 0.0582, acc_val: 97.7693, loss_bbox_val: 0.0590, loss_val: 0.1643
2026-04-10 21:34:25,110 - mmrotate - INFO - Epoch [22][50/462]	lr: 5.000e-03, eta: 0:56:07, time: 0.729, data_time: 0.250, memory: 5411, loss_rpn_cls: 0.0021, loss_rpn_bbox: 0.0294, loss_cls: 0.0489, acc: 97.9961, loss_bbox: 0.0468, loss: 0.1272, grad_norm: 1.5870
2026-04-10 21:34:50,534 - mmrotate - INFO - Epoch [22][100/462]	lr: 5.000e-03, eta: 0:55:43, time: 0.509, data_time: 0.004, memory: 5411, loss_rpn_cls: 0.0022, loss_rpn_bbox: 0.0250, loss_cls: 0.0517, acc: 97.8535, loss_bbox: 0.0426, loss: 0.1215, grad_norm: 1.4685
2026-04-10 21:35:13,339 - mmrotate - INFO - Epoch [22][150/462]	lr: 5.000e-03, eta: 0:55:17, time: 0.456, data_time: 0.003, memory: 5411, loss_rpn_cls: 0.0018, loss_rpn_bbox: 0.0189, loss_cls: 0.0549, acc: 97.8887, loss_bbox: 0.0402, loss: 0.1158, grad_norm: 1.5267
2026-04-10 21:35:36,194 - mmrotate - INFO - Epoch [22][200/462]	lr: 5.000e-03, eta: 0:54:52, time: 0.457, data_time: 0.004, memory: 5411, loss_rpn_cls: 0.0023, loss_rpn_bbox: 0.0265, loss_cls: 0.0528, acc: 97.9141, loss_bbox: 0.0474, loss: 0.1291, grad_norm: 1.5618
2026-04-10 21:35:59,281 - mmrotate - INFO - Epoch [22][250/462]	lr: 5.000e-03, eta: 0:54:26, time: 0.462, data_time: 0.004, memory: 5411, loss_rpn_cls: 0.0014, loss_rpn_bbox: 0.0225, loss_cls: 0.0491, acc: 98.0781, loss_bbox: 0.0421, loss: 0.1152, grad_norm: 1.4679
2026-04-10 21:36:24,856 - mmrotate - INFO - Epoch [22][300/462]	lr: 5.000e-03, eta: 0:54:03, time: 0.511, data_time: 0.004, memory: 5411, loss_rpn_cls: 0.0011, loss_rpn_bbox: 0.0218, loss_cls: 0.0424, acc: 98.2383, loss_bbox: 0.0363, loss: 0.1017, grad_norm: 1.3134
2026-04-10 21:36:47,657 - mmrotate - INFO - Epoch [22][350/462]	lr: 5.000e-03, eta: 0:53:37, time: 0.456, data_time: 0.003, memory: 5411, loss_rpn_cls: 0.0023, loss_rpn_bbox: 0.0252, loss_cls: 0.0430, acc: 98.2461, loss_bbox: 0.0367, loss: 0.1071, grad_norm: 1.3183
2026-04-10 21:37:10,314 - mmrotate - INFO - Epoch [22][400/462]	lr: 5.000e-03, eta: 0:53:12, time: 0.453, data_time: 0.003, memory: 5411, loss_rpn_cls: 0.0022, loss_rpn_bbox: 0.0211, loss_cls: 0.0433, acc: 98.3066, loss_bbox: 0.0383, loss: 0.1049, grad_norm: 1.3534
2026-04-10 21:37:35,465 - mmrotate - INFO - Epoch [22][450/462]	lr: 5.000e-03, eta: 0:52:48, time: 0.503, data_time: 0.003, memory: 5411, loss_rpn_cls: 0.0024, loss_rpn_bbox: 0.0376, loss_cls: 0.0533, acc: 97.8633, loss_bbox: 0.0480, loss: 0.1413, grad_norm: 1.6080
2026-04-10 21:37:41,324 - mmrotate - INFO - Saving checkpoint at 22 epochs
2026-04-10 21:38:17,526 - mmrotate - INFO - 
+-------------+-----+------+--------+-------+
| class       | gts | dets | recall | ap    |
+-------------+-----+------+--------+-------+
| R0402       | 366 | 413  | 0.932  | 0.902 |
| R0603       | 363 | 425  | 1.000  | 1.000 |
| LED0603     | 348 | 378  | 0.974  | 0.907 |
| R0804       | 771 | 795  | 0.997  | 0.905 |
| R2512       | 93  | 103  | 1.000  | 1.000 |
| CAP5053     | 27  | 33   | 1.000  | 1.000 |
| LQFP7070    | 21  | 24   | 1.000  | 1.000 |
| SOIC-8      | 48  | 67   | 1.000  | 1.000 |
| SOT-23      | 57  | 58   | 1.000  | 1.000 |
| TSSOP-20    | 48  | 55   | 1.000  | 1.000 |
| LED0603Flip | 69  | 70   | 1.000  | 1.000 |
+-------------+-----+------+--------+-------+
| mAP         |     |      |        | 0.974 |
+-------------+-----+------+--------+-------+
2026-04-10 21:38:17,598 - mmrotate - INFO - Exp name: oriented_rcnn_r50_fpn_1x_dota_custom_optv3.py
2026-04-10 21:38:17,598 - mmrotate - INFO - Epoch(val) [22][177]	mAP: 0.9740
2026-04-10 21:38:52,713 - mmrotate - INFO - Exp name: oriented_rcnn_r50_fpn_1x_dota_custom_optv3.py
2026-04-10 21:38:52,713 - mmrotate - INFO - Epoch(val) [22][89]	loss_rpn_cls_val: 0.0053, loss_rpn_bbox_val: 0.0454, loss_cls_val: 0.0559, acc_val: 97.7759, loss_bbox_val: 0.0565, loss_val: 0.1631
2026-04-10 21:39:29,334 - mmrotate - INFO - Epoch [23][50/462]	lr: 5.000e-03, eta: 0:52:21, time: 0.732, data_time: 0.251, memory: 5411, loss_rpn_cls: 0.0021, loss_rpn_bbox: 0.0272, loss_cls: 0.0487, acc: 98.0254, loss_bbox: 0.0404, loss: 0.1183, grad_norm: 1.3903
2026-04-10 21:39:54,780 - mmrotate - INFO - Epoch [23][100/462]	lr: 5.000e-03, eta: 0:51:57, time: 0.509, data_time: 0.004, memory: 5411, loss_rpn_cls: 0.0023, loss_rpn_bbox: 0.0313, loss_cls: 0.0488, acc: 98.0664, loss_bbox: 0.0420, loss: 0.1244, grad_norm: 1.4805
2026-04-10 21:40:17,649 - mmrotate - INFO - Epoch [23][150/462]	lr: 5.000e-03, eta: 0:51:32, time: 0.457, data_time: 0.004, memory: 5411, loss_rpn_cls: 0.0024, loss_rpn_bbox: 0.0286, loss_cls: 0.0492, acc: 98.0293, loss_bbox: 0.0435, loss: 0.1236, grad_norm: 1.4306
2026-04-10 21:40:40,559 - mmrotate - INFO - Epoch [23][200/462]	lr: 5.000e-03, eta: 0:51:06, time: 0.458, data_time: 0.004, memory: 5411, loss_rpn_cls: 0.0021, loss_rpn_bbox: 0.0322, loss_cls: 0.0499, acc: 97.9805, loss_bbox: 0.0469, loss: 0.1312, grad_norm: 1.5831
2026-04-10 21:41:03,686 - mmrotate - INFO - Epoch [23][250/462]	lr: 5.000e-03, eta: 0:50:41, time: 0.463, data_time: 0.004, memory: 5411, loss_rpn_cls: 0.0022, loss_rpn_bbox: 0.0293, loss_cls: 0.0514, acc: 98.0898, loss_bbox: 0.0437, loss: 0.1266, grad_norm: 1.6258
2026-04-10 21:41:28,752 - mmrotate - INFO - Epoch [23][300/462]	lr: 5.000e-03, eta: 0:50:17, time: 0.501, data_time: 0.004, memory: 5411, loss_rpn_cls: 0.0023, loss_rpn_bbox: 0.0235, loss_cls: 0.0443, acc: 98.2344, loss_bbox: 0.0365, loss: 0.1066, grad_norm: 1.3752
2026-04-10 21:41:51,743 - mmrotate - INFO - Epoch [23][350/462]	lr: 5.000e-03, eta: 0:49:52, time: 0.460, data_time: 0.004, memory: 5411, loss_rpn_cls: 0.0017, loss_rpn_bbox: 0.0244, loss_cls: 0.0524, acc: 97.8438, loss_bbox: 0.0436, loss: 0.1221, grad_norm: 1.4289
2026-04-10 21:42:14,411 - mmrotate - INFO - Epoch [23][400/462]	lr: 5.000e-03, eta: 0:49:26, time: 0.453, data_time: 0.004, memory: 5411, loss_rpn_cls: 0.0025, loss_rpn_bbox: 0.0284, loss_cls: 0.0480, acc: 98.0391, loss_bbox: 0.0414, loss: 0.1202, grad_norm: 1.3596
2026-04-10 21:42:38,459 - mmrotate - INFO - Epoch [23][450/462]	lr: 5.000e-03, eta: 0:49:02, time: 0.481, data_time: 0.003, memory: 5411, loss_rpn_cls: 0.0015, loss_rpn_bbox: 0.0252, loss_cls: 0.0463, acc: 98.2051, loss_bbox: 0.0436, loss: 0.1166, grad_norm: 1.4862
2026-04-10 21:42:44,223 - mmrotate - INFO - Saving checkpoint at 23 epochs
2026-04-10 21:43:20,831 - mmrotate - INFO - 
+-------------+-----+------+--------+-------+
| class       | gts | dets | recall | ap    |
+-------------+-----+------+--------+-------+
| R0402       | 366 | 452  | 0.934  | 0.897 |
| R0603       | 363 | 489  | 1.000  | 0.983 |
| LED0603     | 348 | 416  | 0.989  | 0.901 |
| R0804       | 771 | 787  | 0.995  | 0.905 |
| R2512       | 93  | 96   | 1.000  | 0.997 |
| CAP5053     | 27  | 30   | 1.000  | 1.000 |
| LQFP7070    | 21  | 25   | 1.000  | 0.977 |
| SOIC-8      | 48  | 78   | 1.000  | 1.000 |
| SOT-23      | 57  | 66   | 1.000  | 1.000 |
| TSSOP-20    | 48  | 53   | 1.000  | 1.000 |
| LED0603Flip | 69  | 69   | 1.000  | 1.000 |
+-------------+-----+------+--------+-------+
| mAP         |     |      |        | 0.969 |
+-------------+-----+------+--------+-------+
2026-04-10 21:43:20,904 - mmrotate - INFO - Exp name: oriented_rcnn_r50_fpn_1x_dota_custom_optv3.py
2026-04-10 21:43:20,904 - mmrotate - INFO - Epoch(val) [23][177]	mAP: 0.9690
2026-04-10 21:43:56,189 - mmrotate - INFO - Exp name: oriented_rcnn_r50_fpn_1x_dota_custom_optv3.py
2026-04-10 21:43:56,190 - mmrotate - INFO - Epoch(val) [23][89]	loss_rpn_cls_val: 0.0051, loss_rpn_bbox_val: 0.0380, loss_cls_val: 0.0605, acc_val: 97.6595, loss_bbox_val: 0.0605, loss_val: 0.1641
2026-04-10 21:44:32,519 - mmrotate - INFO - Epoch [24][50/462]	lr: 5.000e-03, eta: 0:48:35, time: 0.726, data_time: 0.250, memory: 5411, loss_rpn_cls: 0.0030, loss_rpn_bbox: 0.0247, loss_cls: 0.0450, acc: 98.2598, loss_bbox: 0.0408, loss: 0.1135, grad_norm: 1.3654
2026-04-10 21:44:57,997 - mmrotate - INFO - Epoch [24][100/462]	lr: 5.000e-03, eta: 0:48:11, time: 0.510, data_time: 0.003, memory: 5411, loss_rpn_cls: 0.0021, loss_rpn_bbox: 0.0264, loss_cls: 0.0479, acc: 98.0645, loss_bbox: 0.0434, loss: 0.1197, grad_norm: 1.4676
2026-04-10 21:45:20,802 - mmrotate - INFO - Epoch [24][150/462]	lr: 5.000e-03, eta: 0:47:45, time: 0.456, data_time: 0.004, memory: 5411, loss_rpn_cls: 0.0028, loss_rpn_bbox: 0.0229, loss_cls: 0.0495, acc: 98.0117, loss_bbox: 0.0395, loss: 0.1147, grad_norm: 1.3621
2026-04-10 21:45:43,396 - mmrotate - INFO - Epoch [24][200/462]	lr: 5.000e-03, eta: 0:47:20, time: 0.452, data_time: 0.004, memory: 5411, loss_rpn_cls: 0.0015, loss_rpn_bbox: 0.0217, loss_cls: 0.0461, acc: 98.1816, loss_bbox: 0.0393, loss: 0.1086, grad_norm: 1.3431
2026-04-10 21:46:06,637 - mmrotate - INFO - Epoch [24][250/462]	lr: 5.000e-03, eta: 0:46:55, time: 0.465, data_time: 0.004, memory: 5411, loss_rpn_cls: 0.0019, loss_rpn_bbox: 0.0250, loss_cls: 0.0516, acc: 97.9082, loss_bbox: 0.0412, loss: 0.1198, grad_norm: 1.4525
2026-04-10 21:46:31,699 - mmrotate - INFO - Epoch [24][300/462]	lr: 5.000e-03, eta: 0:46:31, time: 0.501, data_time: 0.003, memory: 5411, loss_rpn_cls: 0.0016, loss_rpn_bbox: 0.0245, loss_cls: 0.0428, acc: 98.2500, loss_bbox: 0.0367, loss: 0.1056, grad_norm: 1.3442
2026-04-10 21:46:54,664 - mmrotate - INFO - Epoch [24][350/462]	lr: 5.000e-03, eta: 0:46:05, time: 0.459, data_time: 0.003, memory: 5411, loss_rpn_cls: 0.0020, loss_rpn_bbox: 0.0236, loss_cls: 0.0490, acc: 98.0156, loss_bbox: 0.0381, loss: 0.1126, grad_norm: 1.3663
2026-04-10 21:47:17,358 - mmrotate - INFO - Epoch [24][400/462]	lr: 5.000e-03, eta: 0:45:40, time: 0.454, data_time: 0.004, memory: 5411, loss_rpn_cls: 0.0026, loss_rpn_bbox: 0.0240, loss_cls: 0.0537, acc: 97.9766, loss_bbox: 0.0420, loss: 0.1223, grad_norm: 1.3933
2026-04-10 21:47:41,328 - mmrotate - INFO - Epoch [24][450/462]	lr: 5.000e-03, eta: 0:45:15, time: 0.479, data_time: 0.004, memory: 5411, loss_rpn_cls: 0.0018, loss_rpn_bbox: 0.0273, loss_cls: 0.0507, acc: 98.0820, loss_bbox: 0.0433, loss: 0.1232, grad_norm: 1.4640
2026-04-10 21:47:47,143 - mmrotate - INFO - Saving checkpoint at 24 epochs
2026-04-10 21:48:23,470 - mmrotate - INFO - 
+-------------+-----+------+--------+-------+
| class       | gts | dets | recall | ap    |
+-------------+-----+------+--------+-------+
| R0402       | 366 | 420  | 0.929  | 0.903 |
| R0603       | 363 | 547  | 0.994  | 0.909 |
| LED0603     | 348 | 370  | 0.983  | 0.891 |
| R0804       | 771 | 794  | 0.997  | 0.904 |
| R2512       | 93  | 100  | 1.000  | 1.000 |
| CAP5053     | 27  | 27   | 1.000  | 1.000 |
| LQFP7070    | 21  | 26   | 1.000  | 0.972 |
| SOIC-8      | 48  | 59   | 1.000  | 1.000 |
| SOT-23      | 57  | 59   | 1.000  | 1.000 |
| TSSOP-20    | 48  | 62   | 0.979  | 0.902 |
| LED0603Flip | 69  | 75   | 1.000  | 1.000 |
+-------------+-----+------+--------+-------+
| mAP         |     |      |        | 0.953 |
+-------------+-----+------+--------+-------+
2026-04-10 21:48:23,547 - mmrotate - INFO - Exp name: oriented_rcnn_r50_fpn_1x_dota_custom_optv3.py
2026-04-10 21:48:23,547 - mmrotate - INFO - Epoch(val) [24][177]	mAP: 0.9529
2026-04-10 21:48:58,699 - mmrotate - INFO - Exp name: oriented_rcnn_r50_fpn_1x_dota_custom_optv3.py
2026-04-10 21:48:58,700 - mmrotate - INFO - Epoch(val) [24][89]	loss_rpn_cls_val: 0.0061, loss_rpn_bbox_val: 0.0320, loss_cls_val: 0.0618, acc_val: 97.6398, loss_bbox_val: 0.0530, loss_val: 0.1528
2026-04-10 21:49:35,056 - mmrotate - INFO - Epoch [25][50/462]	lr: 5.000e-04, eta: 0:44:48, time: 0.727, data_time: 0.252, memory: 5411, loss_rpn_cls: 0.0021, loss_rpn_bbox: 0.0159, loss_cls: 0.0417, acc: 98.4434, loss_bbox: 0.0326, loss: 0.0923, grad_norm: 1.2071
2026-04-10 21:50:00,663 - mmrotate - INFO - Epoch [25][100/462]	lr: 5.000e-04, eta: 0:44:24, time: 0.512, data_time: 0.004, memory: 5411, loss_rpn_cls: 0.0025, loss_rpn_bbox: 0.0271, loss_cls: 0.0480, acc: 98.1973, loss_bbox: 0.0348, loss: 0.1125, grad_norm: 1.3017
2026-04-10 21:50:23,284 - mmrotate - INFO - Epoch [25][150/462]	lr: 5.000e-04, eta: 0:43:59, time: 0.452, data_time: 0.003, memory: 5411, loss_rpn_cls: 0.0016, loss_rpn_bbox: 0.0163, loss_cls: 0.0431, acc: 98.3477, loss_bbox: 0.0331, loss: 0.0940, grad_norm: 1.1360
2026-04-10 21:50:45,908 - mmrotate - INFO - Epoch [25][200/462]	lr: 5.000e-04, eta: 0:43:33, time: 0.453, data_time: 0.004, memory: 5411, loss_rpn_cls: 0.0013, loss_rpn_bbox: 0.0207, loss_cls: 0.0411, acc: 98.4961, loss_bbox: 0.0324, loss: 0.0956, grad_norm: 1.1407
2026-04-10 21:51:09,049 - mmrotate - INFO - Epoch [25][250/462]	lr: 5.000e-04, eta: 0:43:08, time: 0.463, data_time: 0.004, memory: 5411, loss_rpn_cls: 0.0019, loss_rpn_bbox: 0.0163, loss_cls: 0.0488, acc: 98.1699, loss_bbox: 0.0343, loss: 0.1013, grad_norm: 1.2590
2026-04-10 21:51:34,081 - mmrotate - INFO - Epoch [25][300/462]	lr: 5.000e-04, eta: 0:42:44, time: 0.501, data_time: 0.004, memory: 5411, loss_rpn_cls: 0.0014, loss_rpn_bbox: 0.0222, loss_cls: 0.0494, acc: 98.1367, loss_bbox: 0.0369, loss: 0.1099, grad_norm: 1.4219
2026-04-10 21:51:56,722 - mmrotate - INFO - Epoch [25][350/462]	lr: 5.000e-04, eta: 0:42:19, time: 0.453, data_time: 0.003, memory: 5411, loss_rpn_cls: 0.0020, loss_rpn_bbox: 0.0213, loss_cls: 0.0487, acc: 98.0977, loss_bbox: 0.0336, loss: 0.1056, grad_norm: 1.4371
2026-04-10 21:52:19,589 - mmrotate - INFO - Epoch [25][400/462]	lr: 5.000e-04, eta: 0:41:54, time: 0.457, data_time: 0.004, memory: 5411, loss_rpn_cls: 0.0013, loss_rpn_bbox: 0.0212, loss_cls: 0.0453, acc: 98.2734, loss_bbox: 0.0349, loss: 0.1026, grad_norm: 1.2492
2026-04-10 21:52:43,406 - mmrotate - INFO - Epoch [25][450/462]	lr: 5.000e-04, eta: 0:41:29, time: 0.476, data_time: 0.004, memory: 5411, loss_rpn_cls: 0.0014, loss_rpn_bbox: 0.0154, loss_cls: 0.0404, acc: 98.5020, loss_bbox: 0.0335, loss: 0.0907, grad_norm: 1.2267
2026-04-10 21:52:49,179 - mmrotate - INFO - Saving checkpoint at 25 epochs
2026-04-10 21:53:25,682 - mmrotate - INFO - 
+-------------+-----+------+--------+-------+
| class       | gts | dets | recall | ap    |
+-------------+-----+------+--------+-------+
| R0402       | 366 | 409  | 0.926  | 0.901 |
| R0603       | 363 | 449  | 1.000  | 0.998 |
| LED0603     | 348 | 366  | 0.983  | 0.892 |
| R0804       | 771 | 790  | 0.999  | 0.906 |
| R2512       | 93  | 97   | 1.000  | 1.000 |
| CAP5053     | 27  | 27   | 1.000  | 1.000 |
| LQFP7070    | 21  | 25   | 1.000  | 0.977 |
| SOIC-8      | 48  | 59   | 0.979  | 0.907 |
| SOT-23      | 57  | 57   | 1.000  | 1.000 |
| TSSOP-20    | 48  | 61   | 1.000  | 1.000 |
| LED0603Flip | 69  | 70   | 1.000  | 1.000 |
+-------------+-----+------+--------+-------+
| mAP         |     |      |        | 0.962 |
+-------------+-----+------+--------+-------+
2026-04-10 21:53:25,752 - mmrotate - INFO - Exp name: oriented_rcnn_r50_fpn_1x_dota_custom_optv3.py
2026-04-10 21:53:25,752 - mmrotate - INFO - Epoch(val) [25][177]	mAP: 0.9620
2026-04-10 21:54:02,918 - mmrotate - INFO - Exp name: oriented_rcnn_r50_fpn_1x_dota_custom_optv3.py
2026-04-10 21:54:02,918 - mmrotate - INFO - Epoch(val) [25][89]	loss_rpn_cls_val: 0.0046, loss_rpn_bbox_val: 0.0304, loss_cls_val: 0.0518, acc_val: 98.0842, loss_bbox_val: 0.0467, loss_val: 0.1335
2026-04-10 21:54:44,460 - mmrotate - INFO - Epoch [26][50/462]	lr: 5.000e-04, eta: 0:41:04, time: 0.831, data_time: 0.253, memory: 5411, loss_rpn_cls: 0.0015, loss_rpn_bbox: 0.0165, loss_cls: 0.0466, acc: 98.1328, loss_bbox: 0.0347, loss: 0.0993, grad_norm: 1.2204
2026-04-10 21:55:14,971 - mmrotate - INFO - Epoch [26][100/462]	lr: 5.000e-04, eta: 0:40:42, time: 0.610, data_time: 0.004, memory: 5411, loss_rpn_cls: 0.0017, loss_rpn_bbox: 0.0179, loss_cls: 0.0435, acc: 98.2949, loss_bbox: 0.0302, loss: 0.0933, grad_norm: 1.2042
2026-04-10 21:55:43,500 - mmrotate - INFO - Epoch [26][150/462]	lr: 5.000e-04, eta: 0:40:19, time: 0.571, data_time: 0.004, memory: 5411, loss_rpn_cls: 0.0013, loss_rpn_bbox: 0.0192, loss_cls: 0.0397, acc: 98.4258, loss_bbox: 0.0308, loss: 0.0910, grad_norm: 1.2353
2026-04-10 21:56:11,180 - mmrotate - INFO - Epoch [26][200/462]	lr: 5.000e-04, eta: 0:39:56, time: 0.554, data_time: 0.004, memory: 5411, loss_rpn_cls: 0.0017, loss_rpn_bbox: 0.0152, loss_cls: 0.0405, acc: 98.4551, loss_bbox: 0.0338, loss: 0.0913, grad_norm: 1.1490
2026-04-10 21:56:40,091 - mmrotate - INFO - Epoch [26][250/462]	lr: 5.000e-04, eta: 0:39:33, time: 0.578, data_time: 0.004, memory: 5411, loss_rpn_cls: 0.0019, loss_rpn_bbox: 0.0188, loss_cls: 0.0449, acc: 98.1738, loss_bbox: 0.0368, loss: 0.1024, grad_norm: 1.2260
2026-04-10 21:57:10,066 - mmrotate - INFO - Epoch [26][300/462]	lr: 5.000e-04, eta: 0:39:11, time: 0.600, data_time: 0.004, memory: 5411, loss_rpn_cls: 0.0017, loss_rpn_bbox: 0.0221, loss_cls: 0.0407, acc: 98.4199, loss_bbox: 0.0306, loss: 0.0951, grad_norm: 1.2833
2026-04-10 21:57:33,734 - mmrotate - INFO - Epoch [26][350/462]	lr: 5.000e-04, eta: 0:38:46, time: 0.473, data_time: 0.004, memory: 5411, loss_rpn_cls: 0.0026, loss_rpn_bbox: 0.0170, loss_cls: 0.0381, acc: 98.5156, loss_bbox: 0.0326, loss: 0.0903, grad_norm: 1.1866
2026-04-10 21:57:57,172 - mmrotate - INFO - Epoch [26][400/462]	lr: 5.000e-04, eta: 0:38:21, time: 0.469, data_time: 0.004, memory: 5411, loss_rpn_cls: 0.0015, loss_rpn_bbox: 0.0270, loss_cls: 0.0443, acc: 98.2363, loss_bbox: 0.0373, loss: 0.1101, grad_norm: 1.3192
2026-04-10 21:58:22,120 - mmrotate - INFO - Exp name: oriented_rcnn_r50_fpn_1x_dota_custom_optv3.py
2026-04-10 21:58:22,120 - mmrotate - INFO - Epoch [26][450/462]	lr: 5.000e-04, eta: 0:37:56, time: 0.499, data_time: 0.004, memory: 5411, loss_rpn_cls: 0.0015, loss_rpn_bbox: 0.0214, loss_cls: 0.0410, acc: 98.2930, loss_bbox: 0.0321, loss: 0.0960, grad_norm: 1.3544
2026-04-10 21:58:28,492 - mmrotate - INFO - Saving checkpoint at 26 epochs
2026-04-10 21:59:05,218 - mmrotate - INFO - 
+-------------+-----+------+--------+-------+
| class       | gts | dets | recall | ap    |
+-------------+-----+------+--------+-------+
| R0402       | 366 | 390  | 0.926  | 0.901 |
| R0603       | 363 | 418  | 1.000  | 1.000 |
| LED0603     | 348 | 375  | 0.983  | 0.894 |
| R0804       | 771 | 789  | 1.000  | 0.996 |
| R2512       | 93  | 98   | 1.000  | 1.000 |
| CAP5053     | 27  | 27   | 1.000  | 1.000 |
| LQFP7070    | 21  | 25   | 1.000  | 0.977 |
| SOIC-8      | 48  | 61   | 0.979  | 0.907 |
| SOT-23      | 57  | 57   | 1.000  | 1.000 |
| TSSOP-20    | 48  | 62   | 1.000  | 1.000 |
| LED0603Flip | 69  | 70   | 1.000  | 1.000 |
+-------------+-----+------+--------+-------+
| mAP         |     |      |        | 0.970 |
+-------------+-----+------+--------+-------+
2026-04-10 21:59:05,299 - mmrotate - INFO - Exp name: oriented_rcnn_r50_fpn_1x_dota_custom_optv3.py
2026-04-10 21:59:05,300 - mmrotate - INFO - Epoch(val) [26][177]	mAP: 0.9704
2026-04-10 21:59:46,591 - mmrotate - INFO - Exp name: oriented_rcnn_r50_fpn_1x_dota_custom_optv3.py
2026-04-10 21:59:46,591 - mmrotate - INFO - Epoch(val) [26][89]	loss_rpn_cls_val: 0.0058, loss_rpn_bbox_val: 0.0284, loss_cls_val: 0.0513, acc_val: 98.1237, loss_bbox_val: 0.0457, loss_val: 0.1313
2026-04-10 22:00:28,593 - mmrotate - INFO - Epoch [27][50/462]	lr: 5.000e-04, eta: 0:37:30, time: 0.840, data_time: 0.254, memory: 5411, loss_rpn_cls: 0.0011, loss_rpn_bbox: 0.0159, loss_cls: 0.0437, acc: 98.3320, loss_bbox: 0.0305, loss: 0.0913, grad_norm: 1.1408
2026-04-10 22:00:59,986 - mmrotate - INFO - Epoch [27][100/462]	lr: 5.000e-04, eta: 0:37:08, time: 0.628, data_time: 0.004, memory: 5411, loss_rpn_cls: 0.0020, loss_rpn_bbox: 0.0184, loss_cls: 0.0411, acc: 98.3984, loss_bbox: 0.0320, loss: 0.0935, grad_norm: 1.1604
2026-04-10 22:01:23,841 - mmrotate - INFO - Epoch [27][150/462]	lr: 5.000e-04, eta: 0:36:43, time: 0.477, data_time: 0.003, memory: 5411, loss_rpn_cls: 0.0011, loss_rpn_bbox: 0.0206, loss_cls: 0.0402, acc: 98.3281, loss_bbox: 0.0329, loss: 0.0948, grad_norm: 1.3079
2026-04-10 22:01:49,058 - mmrotate - INFO - Epoch [27][200/462]	lr: 5.000e-04, eta: 0:36:19, time: 0.504, data_time: 0.004, memory: 5411, loss_rpn_cls: 0.0012, loss_rpn_bbox: 0.0211, loss_cls: 0.0411, acc: 98.3027, loss_bbox: 0.0349, loss: 0.0983, grad_norm: 1.1905
2026-04-10 22:02:20,120 - mmrotate - INFO - Epoch [27][250/462]	lr: 5.000e-04, eta: 0:35:56, time: 0.621, data_time: 0.004, memory: 5411, loss_rpn_cls: 0.0026, loss_rpn_bbox: 0.0195, loss_cls: 0.0414, acc: 98.3750, loss_bbox: 0.0354, loss: 0.0989, grad_norm: 1.2012
2026-04-10 22:02:46,173 - mmrotate - INFO - Epoch [27][300/462]	lr: 5.000e-04, eta: 0:35:32, time: 0.521, data_time: 0.004, memory: 5411, loss_rpn_cls: 0.0030, loss_rpn_bbox: 0.0184, loss_cls: 0.0377, acc: 98.5449, loss_bbox: 0.0301, loss: 0.0892, grad_norm: 1.4084
2026-04-10 22:03:10,585 - mmrotate - INFO - Epoch [27][350/462]	lr: 5.000e-04, eta: 0:35:07, time: 0.488, data_time: 0.004, memory: 5411, loss_rpn_cls: 0.0015, loss_rpn_bbox: 0.0117, loss_cls: 0.0353, acc: 98.6387, loss_bbox: 0.0284, loss: 0.0769, grad_norm: 1.1305
2026-04-10 22:03:37,244 - mmrotate - INFO - Epoch [27][400/462]	lr: 5.000e-04, eta: 0:34:43, time: 0.533, data_time: 0.004, memory: 5411, loss_rpn_cls: 0.0019, loss_rpn_bbox: 0.0230, loss_cls: 0.0431, acc: 98.2617, loss_bbox: 0.0370, loss: 0.1049, grad_norm: 1.2316
2026-04-10 22:04:05,543 - mmrotate - INFO - Epoch [27][450/462]	lr: 5.000e-04, eta: 0:34:20, time: 0.566, data_time: 0.004, memory: 5411, loss_rpn_cls: 0.0015, loss_rpn_bbox: 0.0219, loss_cls: 0.0427, acc: 98.2910, loss_bbox: 0.0355, loss: 0.1017, grad_norm: 1.2446
2026-04-10 22:04:11,536 - mmrotate - INFO - Saving checkpoint at 27 epochs
2026-04-10 22:04:50,497 - mmrotate - INFO - 
+-------------+-----+------+--------+-------+
| class       | gts | dets | recall | ap    |
+-------------+-----+------+--------+-------+
| R0402       | 366 | 388  | 0.937  | 0.903 |
| R0603       | 363 | 404  | 1.000  | 1.000 |
| LED0603     | 348 | 371  | 0.986  | 0.897 |
| R0804       | 771 | 791  | 1.000  | 0.996 |
| R2512       | 93  | 96   | 1.000  | 0.997 |
| CAP5053     | 27  | 27   | 1.000  | 1.000 |
| LQFP7070    | 21  | 25   | 1.000  | 0.977 |
| SOIC-8      | 48  | 57   | 1.000  | 1.000 |
| SOT-23      | 57  | 58   | 1.000  | 1.000 |
| TSSOP-20    | 48  | 58   | 1.000  | 1.000 |
| LED0603Flip | 69  | 71   | 1.000  | 1.000 |
+-------------+-----+------+--------+-------+
| mAP         |     |      |        | 0.979 |
+-------------+-----+------+--------+-------+
2026-04-10 22:04:50,571 - mmrotate - INFO - Exp name: oriented_rcnn_r50_fpn_1x_dota_custom_optv3.py
2026-04-10 22:04:50,571 - mmrotate - INFO - Epoch(val) [27][177]	mAP: 0.9790
2026-04-10 22:05:28,840 - mmrotate - INFO - Exp name: oriented_rcnn_r50_fpn_1x_dota_custom_optv3.py
2026-04-10 22:05:28,840 - mmrotate - INFO - Epoch(val) [27][89]	loss_rpn_cls_val: 0.0049, loss_rpn_bbox_val: 0.0255, loss_cls_val: 0.0522, acc_val: 97.9865, loss_bbox_val: 0.0450, loss_val: 0.1276
2026-04-10 22:06:10,268 - mmrotate - INFO - Epoch [28][50/462]	lr: 5.000e-04, eta: 0:33:53, time: 0.828, data_time: 0.255, memory: 5411, loss_rpn_cls: 0.0011, loss_rpn_bbox: 0.0172, loss_cls: 0.0405, acc: 98.3535, loss_bbox: 0.0305, loss: 0.0894, grad_norm: 1.1120
2026-04-10 22:06:36,166 - mmrotate - INFO - Epoch [28][100/462]	lr: 5.000e-04, eta: 0:33:28, time: 0.518, data_time: 0.004, memory: 5411, loss_rpn_cls: 0.0011, loss_rpn_bbox: 0.0183, loss_cls: 0.0394, acc: 98.4180, loss_bbox: 0.0324, loss: 0.0911, grad_norm: 1.2897
2026-04-10 22:06:59,092 - mmrotate - INFO - Epoch [28][150/462]	lr: 5.000e-04, eta: 0:33:03, time: 0.458, data_time: 0.004, memory: 5411, loss_rpn_cls: 0.0014, loss_rpn_bbox: 0.0133, loss_cls: 0.0406, acc: 98.4160, loss_bbox: 0.0330, loss: 0.0883, grad_norm: 1.2768
2026-04-10 22:07:22,675 - mmrotate - INFO - Epoch [28][200/462]	lr: 5.000e-04, eta: 0:32:38, time: 0.472, data_time: 0.004, memory: 5411, loss_rpn_cls: 0.0013, loss_rpn_bbox: 0.0147, loss_cls: 0.0395, acc: 98.4180, loss_bbox: 0.0303, loss: 0.0858, grad_norm: 1.1290
2026-04-10 22:07:45,974 - mmrotate - INFO - Epoch [28][250/462]	lr: 5.000e-04, eta: 0:32:13, time: 0.466, data_time: 0.004, memory: 5411, loss_rpn_cls: 0.0016, loss_rpn_bbox: 0.0167, loss_cls: 0.0446, acc: 98.3008, loss_bbox: 0.0359, loss: 0.0988, grad_norm: 1.2772
2026-04-10 22:08:14,592 - mmrotate - INFO - Epoch [28][300/462]	lr: 5.000e-04, eta: 0:31:49, time: 0.572, data_time: 0.003, memory: 5411, loss_rpn_cls: 0.0009, loss_rpn_bbox: 0.0210, loss_cls: 0.0404, acc: 98.3574, loss_bbox: 0.0306, loss: 0.0928, grad_norm: 1.2641
2026-04-10 22:08:38,450 - mmrotate - INFO - Epoch [28][350/462]	lr: 5.000e-04, eta: 0:31:24, time: 0.477, data_time: 0.004, memory: 5411, loss_rpn_cls: 0.0021, loss_rpn_bbox: 0.0215, loss_cls: 0.0401, acc: 98.3652, loss_bbox: 0.0346, loss: 0.0983, grad_norm: 1.2324
2026-04-10 22:09:05,378 - mmrotate - INFO - Epoch [28][400/462]	lr: 5.000e-04, eta: 0:31:00, time: 0.538, data_time: 0.004, memory: 5411, loss_rpn_cls: 0.0018, loss_rpn_bbox: 0.0200, loss_cls: 0.0411, acc: 98.3652, loss_bbox: 0.0321, loss: 0.0950, grad_norm: 1.1193
2026-04-10 22:09:30,783 - mmrotate - INFO - Epoch [28][450/462]	lr: 5.000e-04, eta: 0:30:35, time: 0.508, data_time: 0.004, memory: 5411, loss_rpn_cls: 0.0018, loss_rpn_bbox: 0.0208, loss_cls: 0.0430, acc: 98.3262, loss_bbox: 0.0342, loss: 0.0998, grad_norm: 1.2707
2026-04-10 22:09:36,698 - mmrotate - INFO - Saving checkpoint at 28 epochs
2026-04-10 22:10:13,168 - mmrotate - INFO - 
+-------------+-----+------+--------+-------+
| class       | gts | dets | recall | ap    |
+-------------+-----+------+--------+-------+
| R0402       | 366 | 387  | 0.926  | 0.901 |
| R0603       | 363 | 441  | 1.000  | 0.999 |
| LED0603     | 348 | 365  | 0.989  | 0.902 |
| R0804       | 771 | 788  | 0.999  | 0.906 |
| R2512       | 93  | 100  | 1.000  | 1.000 |
| CAP5053     | 27  | 27   | 1.000  | 1.000 |
| LQFP7070    | 21  | 25   | 1.000  | 0.977 |
| SOIC-8      | 48  | 56   | 1.000  | 1.000 |
| SOT-23      | 57  | 57   | 1.000  | 1.000 |
| TSSOP-20    | 48  | 61   | 1.000  | 1.000 |
| LED0603Flip | 69  | 69   | 1.000  | 1.000 |
+-------------+-----+------+--------+-------+
| mAP         |     |      |        | 0.971 |
+-------------+-----+------+--------+-------+
2026-04-10 22:10:13,248 - mmrotate - INFO - Exp name: oriented_rcnn_r50_fpn_1x_dota_custom_optv3.py
2026-04-10 22:10:13,249 - mmrotate - INFO - Epoch(val) [28][177]	mAP: 0.9714
2026-04-10 22:10:48,587 - mmrotate - INFO - Exp name: oriented_rcnn_r50_fpn_1x_dota_custom_optv3.py
2026-04-10 22:10:48,587 - mmrotate - INFO - Epoch(val) [28][89]	loss_rpn_cls_val: 0.0051, loss_rpn_bbox_val: 0.0275, loss_cls_val: 0.0524, acc_val: 97.9470, loss_bbox_val: 0.0463, loss_val: 0.1312
2026-04-10 22:11:25,561 - mmrotate - INFO - Epoch [29][50/462]	lr: 5.000e-04, eta: 0:30:06, time: 0.739, data_time: 0.251, memory: 5411, loss_rpn_cls: 0.0019, loss_rpn_bbox: 0.0151, loss_cls: 0.0390, acc: 98.4766, loss_bbox: 0.0270, loss: 0.0830, grad_norm: 1.0745
2026-04-10 22:11:57,749 - mmrotate - INFO - Epoch [29][100/462]	lr: 5.000e-04, eta: 0:29:44, time: 0.644, data_time: 0.004, memory: 5411, loss_rpn_cls: 0.0014, loss_rpn_bbox: 0.0120, loss_cls: 0.0379, acc: 98.5000, loss_bbox: 0.0270, loss: 0.0783, grad_norm: 1.2517
2026-04-10 22:12:21,328 - mmrotate - INFO - Epoch [29][150/462]	lr: 5.000e-04, eta: 0:29:19, time: 0.471, data_time: 0.003, memory: 5411, loss_rpn_cls: 0.0013, loss_rpn_bbox: 0.0195, loss_cls: 0.0387, acc: 98.4062, loss_bbox: 0.0367, loss: 0.0963, grad_norm: 1.2251
2026-04-10 22:12:46,323 - mmrotate - INFO - Epoch [29][200/462]	lr: 5.000e-04, eta: 0:28:54, time: 0.500, data_time: 0.004, memory: 5411, loss_rpn_cls: 0.0023, loss_rpn_bbox: 0.0163, loss_cls: 0.0394, acc: 98.4492, loss_bbox: 0.0292, loss: 0.0872, grad_norm: 1.2380
2026-04-10 22:13:11,301 - mmrotate - INFO - Epoch [29][250/462]	lr: 5.000e-04, eta: 0:28:29, time: 0.500, data_time: 0.004, memory: 5411, loss_rpn_cls: 0.0013, loss_rpn_bbox: 0.0225, loss_cls: 0.0446, acc: 98.2363, loss_bbox: 0.0315, loss: 0.0998, grad_norm: 1.2349
2026-04-10 22:13:37,423 - mmrotate - INFO - Epoch [29][300/462]	lr: 5.000e-04, eta: 0:28:05, time: 0.522, data_time: 0.004, memory: 5411, loss_rpn_cls: 0.0013, loss_rpn_bbox: 0.0189, loss_cls: 0.0452, acc: 98.1797, loss_bbox: 0.0350, loss: 0.1003, grad_norm: 1.2273
2026-04-10 22:14:04,390 - mmrotate - INFO - Epoch [29][350/462]	lr: 5.000e-04, eta: 0:27:40, time: 0.539, data_time: 0.004, memory: 5411, loss_rpn_cls: 0.0017, loss_rpn_bbox: 0.0146, loss_cls: 0.0380, acc: 98.4961, loss_bbox: 0.0318, loss: 0.0861, grad_norm: 1.1479
2026-04-10 22:14:27,027 - mmrotate - INFO - Epoch [29][400/462]	lr: 5.000e-04, eta: 0:27:15, time: 0.453, data_time: 0.003, memory: 5411, loss_rpn_cls: 0.0010, loss_rpn_bbox: 0.0257, loss_cls: 0.0398, acc: 98.3789, loss_bbox: 0.0318, loss: 0.0983, grad_norm: 1.2582
2026-04-10 22:14:51,115 - mmrotate - INFO - Epoch [29][450/462]	lr: 5.000e-04, eta: 0:26:50, time: 0.482, data_time: 0.004, memory: 5411, loss_rpn_cls: 0.0016, loss_rpn_bbox: 0.0156, loss_cls: 0.0384, acc: 98.4062, loss_bbox: 0.0314, loss: 0.0870, grad_norm: 1.2985
2026-04-10 22:14:56,952 - mmrotate - INFO - Saving checkpoint at 29 epochs
2026-04-10 22:15:33,606 - mmrotate - INFO - 
+-------------+-----+------+--------+-------+
| class       | gts | dets | recall | ap    |
+-------------+-----+------+--------+-------+
| R0402       | 366 | 391  | 0.929  | 0.900 |
| R0603       | 363 | 415  | 0.997  | 0.909 |
| LED0603     | 348 | 369  | 0.983  | 0.894 |
| R0804       | 771 | 787  | 1.000  | 0.997 |
| R2512       | 93  | 97   | 1.000  | 1.000 |
| CAP5053     | 27  | 27   | 1.000  | 1.000 |
| LQFP7070    | 21  | 25   | 1.000  | 0.977 |
| SOIC-8      | 48  | 53   | 1.000  | 1.000 |
| SOT-23      | 57  | 57   | 1.000  | 1.000 |
| TSSOP-20    | 48  | 61   | 1.000  | 1.000 |
| LED0603Flip | 69  | 69   | 1.000  | 1.000 |
+-------------+-----+------+--------+-------+
| mAP         |     |      |        | 0.971 |
+-------------+-----+------+--------+-------+
2026-04-10 22:15:33,678 - mmrotate - INFO - Exp name: oriented_rcnn_r50_fpn_1x_dota_custom_optv3.py
2026-04-10 22:15:33,678 - mmrotate - INFO - Epoch(val) [29][177]	mAP: 0.9707
2026-04-10 22:16:09,028 - mmrotate - INFO - Exp name: oriented_rcnn_r50_fpn_1x_dota_custom_optv3.py
2026-04-10 22:16:09,029 - mmrotate - INFO - Epoch(val) [29][89]	loss_rpn_cls_val: 0.0050, loss_rpn_bbox_val: 0.0285, loss_cls_val: 0.0516, acc_val: 98.0227, loss_bbox_val: 0.0455, loss_val: 0.1306
2026-04-10 22:16:48,668 - mmrotate - INFO - Epoch [30][50/462]	lr: 5.000e-04, eta: 0:26:21, time: 0.792, data_time: 0.250, memory: 5411, loss_rpn_cls: 0.0021, loss_rpn_bbox: 0.0205, loss_cls: 0.0421, acc: 98.3066, loss_bbox: 0.0308, loss: 0.0956, grad_norm: 1.1792
2026-04-10 22:17:14,571 - mmrotate - INFO - Epoch [30][100/462]	lr: 5.000e-04, eta: 0:25:57, time: 0.518, data_time: 0.003, memory: 5411, loss_rpn_cls: 0.0009, loss_rpn_bbox: 0.0163, loss_cls: 0.0419, acc: 98.3691, loss_bbox: 0.0331, loss: 0.0923, grad_norm: 1.2559
2026-04-10 22:17:37,340 - mmrotate - INFO - Epoch [30][150/462]	lr: 5.000e-04, eta: 0:25:31, time: 0.455, data_time: 0.004, memory: 5411, loss_rpn_cls: 0.0017, loss_rpn_bbox: 0.0168, loss_cls: 0.0406, acc: 98.3945, loss_bbox: 0.0340, loss: 0.0930, grad_norm: 1.3191
2026-04-10 22:18:00,038 - mmrotate - INFO - Epoch [30][200/462]	lr: 5.000e-04, eta: 0:25:06, time: 0.454, data_time: 0.004, memory: 5411, loss_rpn_cls: 0.0030, loss_rpn_bbox: 0.0207, loss_cls: 0.0402, acc: 98.3477, loss_bbox: 0.0317, loss: 0.0957, grad_norm: 1.3112
2026-04-10 22:18:23,025 - mmrotate - INFO - Epoch [30][250/462]	lr: 5.000e-04, eta: 0:24:41, time: 0.460, data_time: 0.003, memory: 5411, loss_rpn_cls: 0.0013, loss_rpn_bbox: 0.0159, loss_cls: 0.0395, acc: 98.4238, loss_bbox: 0.0334, loss: 0.0901, grad_norm: 1.2448
2026-04-10 22:18:48,322 - mmrotate - INFO - Epoch [30][300/462]	lr: 5.000e-04, eta: 0:24:16, time: 0.506, data_time: 0.004, memory: 5411, loss_rpn_cls: 0.0014, loss_rpn_bbox: 0.0197, loss_cls: 0.0386, acc: 98.4355, loss_bbox: 0.0299, loss: 0.0896, grad_norm: 1.2003
2026-04-10 22:19:11,014 - mmrotate - INFO - Epoch [30][350/462]	lr: 5.000e-04, eta: 0:23:51, time: 0.454, data_time: 0.003, memory: 5411, loss_rpn_cls: 0.0017, loss_rpn_bbox: 0.0246, loss_cls: 0.0472, acc: 98.0625, loss_bbox: 0.0373, loss: 0.1109, grad_norm: 1.3754
2026-04-10 22:19:33,674 - mmrotate - INFO - Epoch [30][400/462]	lr: 5.000e-04, eta: 0:23:26, time: 0.453, data_time: 0.004, memory: 5411, loss_rpn_cls: 0.0015, loss_rpn_bbox: 0.0179, loss_cls: 0.0391, acc: 98.4668, loss_bbox: 0.0298, loss: 0.0883, grad_norm: 1.2079
2026-04-10 22:19:57,696 - mmrotate - INFO - Epoch [30][450/462]	lr: 5.000e-04, eta: 0:23:01, time: 0.480, data_time: 0.004, memory: 5411, loss_rpn_cls: 0.0016, loss_rpn_bbox: 0.0191, loss_cls: 0.0357, acc: 98.5332, loss_bbox: 0.0322, loss: 0.0887, grad_norm: 1.1954
2026-04-10 22:20:03,512 - mmrotate - INFO - Saving checkpoint at 30 epochs
2026-04-10 22:20:39,725 - mmrotate - INFO - 
+-------------+-----+------+--------+-------+
| class       | gts | dets | recall | ap    |
+-------------+-----+------+--------+-------+
| R0402       | 366 | 388  | 0.926  | 0.901 |
| R0603       | 363 | 413  | 0.997  | 0.909 |
| LED0603     | 348 | 366  | 0.991  | 0.904 |
| R0804       | 771 | 789  | 0.997  | 0.906 |
| R2512       | 93  | 100  | 1.000  | 1.000 |
| CAP5053     | 27  | 27   | 1.000  | 1.000 |
| LQFP7070    | 21  | 25   | 1.000  | 0.977 |
| SOIC-8      | 48  | 53   | 1.000  | 1.000 |
| SOT-23      | 57  | 60   | 1.000  | 1.000 |
| TSSOP-20    | 48  | 62   | 1.000  | 1.000 |
| LED0603Flip | 69  | 69   | 1.000  | 1.000 |
+-------------+-----+------+--------+-------+
| mAP         |     |      |        | 0.963 |
+-------------+-----+------+--------+-------+
2026-04-10 22:20:39,797 - mmrotate - INFO - Exp name: oriented_rcnn_r50_fpn_1x_dota_custom_optv3.py
2026-04-10 22:20:39,798 - mmrotate - INFO - Epoch(val) [30][177]	mAP: 0.9634
2026-04-10 22:21:14,778 - mmrotate - INFO - Exp name: oriented_rcnn_r50_fpn_1x_dota_custom_optv3.py
2026-04-10 22:21:14,779 - mmrotate - INFO - Epoch(val) [30][89]	loss_rpn_cls_val: 0.0053, loss_rpn_bbox_val: 0.0324, loss_cls_val: 0.0525, acc_val: 98.0436, loss_bbox_val: 0.0492, loss_val: 0.1395
2026-04-10 22:21:51,147 - mmrotate - INFO - Epoch [31][50/462]	lr: 5.000e-04, eta: 0:22:31, time: 0.727, data_time: 0.250, memory: 5411, loss_rpn_cls: 0.0018, loss_rpn_bbox: 0.0149, loss_cls: 0.0443, acc: 98.3223, loss_bbox: 0.0333, loss: 0.0944, grad_norm: 1.4258
2026-04-10 22:22:16,706 - mmrotate - INFO - Epoch [31][100/462]	lr: 5.000e-04, eta: 0:22:06, time: 0.511, data_time: 0.004, memory: 5411, loss_rpn_cls: 0.0016, loss_rpn_bbox: 0.0169, loss_cls: 0.0413, acc: 98.3066, loss_bbox: 0.0301, loss: 0.0899, grad_norm: 1.2036
2026-04-10 22:22:39,381 - mmrotate - INFO - Epoch [31][150/462]	lr: 5.000e-04, eta: 0:21:41, time: 0.453, data_time: 0.003, memory: 5411, loss_rpn_cls: 0.0018, loss_rpn_bbox: 0.0179, loss_cls: 0.0396, acc: 98.3613, loss_bbox: 0.0311, loss: 0.0903, grad_norm: 1.2121
2026-04-10 22:23:02,301 - mmrotate - INFO - Epoch [31][200/462]	lr: 5.000e-04, eta: 0:21:16, time: 0.458, data_time: 0.004, memory: 5411, loss_rpn_cls: 0.0020, loss_rpn_bbox: 0.0201, loss_cls: 0.0393, acc: 98.4590, loss_bbox: 0.0339, loss: 0.0953, grad_norm: 1.2003
2026-04-10 22:23:25,320 - mmrotate - INFO - Epoch [31][250/462]	lr: 5.000e-04, eta: 0:20:51, time: 0.460, data_time: 0.004, memory: 5411, loss_rpn_cls: 0.0013, loss_rpn_bbox: 0.0175, loss_cls: 0.0342, acc: 98.6406, loss_bbox: 0.0273, loss: 0.0803, grad_norm: 1.2135
2026-04-10 22:23:50,846 - mmrotate - INFO - Epoch [31][300/462]	lr: 5.000e-04, eta: 0:20:26, time: 0.511, data_time: 0.004, memory: 5411, loss_rpn_cls: 0.0014, loss_rpn_bbox: 0.0180, loss_cls: 0.0356, acc: 98.4941, loss_bbox: 0.0265, loss: 0.0814, grad_norm: 1.1261
2026-04-10 22:24:13,619 - mmrotate - INFO - Epoch [31][350/462]	lr: 5.000e-04, eta: 0:20:01, time: 0.455, data_time: 0.003, memory: 5411, loss_rpn_cls: 0.0021, loss_rpn_bbox: 0.0157, loss_cls: 0.0371, acc: 98.5215, loss_bbox: 0.0301, loss: 0.0851, grad_norm: 1.2605
2026-04-10 22:24:36,415 - mmrotate - INFO - Epoch [31][400/462]	lr: 5.000e-04, eta: 0:19:36, time: 0.456, data_time: 0.004, memory: 5411, loss_rpn_cls: 0.0013, loss_rpn_bbox: 0.0230, loss_cls: 0.0494, acc: 98.0039, loss_bbox: 0.0387, loss: 0.1124, grad_norm: 1.3789
2026-04-10 22:25:01,592 - mmrotate - INFO - Epoch [31][450/462]	lr: 5.000e-04, eta: 0:19:11, time: 0.504, data_time: 0.004, memory: 5411, loss_rpn_cls: 0.0027, loss_rpn_bbox: 0.0215, loss_cls: 0.0410, acc: 98.3359, loss_bbox: 0.0345, loss: 0.0997, grad_norm: 1.3580
2026-04-10 22:25:07,431 - mmrotate - INFO - Saving checkpoint at 31 epochs
2026-04-10 22:25:43,868 - mmrotate - INFO - 
+-------------+-----+------+--------+-------+
| class       | gts | dets | recall | ap    |
+-------------+-----+------+--------+-------+
| R0402       | 366 | 393  | 0.926  | 0.901 |
| R0603       | 363 | 411  | 1.000  | 0.998 |
| LED0603     | 348 | 366  | 0.983  | 0.894 |
| R0804       | 771 | 789  | 1.000  | 0.997 |
| R2512       | 93  | 98   | 0.989  | 0.909 |
| CAP5053     | 27  | 27   | 1.000  | 1.000 |
| LQFP7070    | 21  | 25   | 1.000  | 0.977 |
| SOIC-8      | 48  | 53   | 1.000  | 1.000 |
| SOT-23      | 57  | 61   | 1.000  | 1.000 |
| TSSOP-20    | 48  | 62   | 1.000  | 1.000 |
| LED0603Flip | 69  | 69   | 1.000  | 1.000 |
+-------------+-----+------+--------+-------+
| mAP         |     |      |        | 0.971 |
+-------------+-----+------+--------+-------+
2026-04-10 22:25:43,939 - mmrotate - INFO - Exp name: oriented_rcnn_r50_fpn_1x_dota_custom_optv3.py
2026-04-10 22:25:43,939 - mmrotate - INFO - Epoch(val) [31][177]	mAP: 0.9706
2026-04-10 22:26:19,521 - mmrotate - INFO - Exp name: oriented_rcnn_r50_fpn_1x_dota_custom_optv3.py
2026-04-10 22:26:19,521 - mmrotate - INFO - Epoch(val) [31][89]	loss_rpn_cls_val: 0.0054, loss_rpn_bbox_val: 0.0273, loss_cls_val: 0.0510, acc_val: 98.0063, loss_bbox_val: 0.0468, loss_val: 0.1305
2026-04-10 22:26:56,588 - mmrotate - INFO - Epoch [32][50/462]	lr: 5.000e-04, eta: 0:18:41, time: 0.741, data_time: 0.251, memory: 5411, loss_rpn_cls: 0.0010, loss_rpn_bbox: 0.0139, loss_cls: 0.0396, acc: 98.4141, loss_bbox: 0.0287, loss: 0.0832, grad_norm: 1.0805
2026-04-10 22:27:22,627 - mmrotate - INFO - Epoch [32][100/462]	lr: 5.000e-04, eta: 0:18:17, time: 0.521, data_time: 0.005, memory: 5411, loss_rpn_cls: 0.0013, loss_rpn_bbox: 0.0188, loss_cls: 0.0443, acc: 98.2012, loss_bbox: 0.0356, loss: 0.1000, grad_norm: 1.2533
2026-04-10 22:27:45,300 - mmrotate - INFO - Epoch [32][150/462]	lr: 5.000e-04, eta: 0:17:52, time: 0.453, data_time: 0.003, memory: 5411, loss_rpn_cls: 0.0010, loss_rpn_bbox: 0.0158, loss_cls: 0.0394, acc: 98.4551, loss_bbox: 0.0321, loss: 0.0883, grad_norm: 1.1610
2026-04-10 22:28:08,467 - mmrotate - INFO - Epoch [32][200/462]	lr: 5.000e-04, eta: 0:17:26, time: 0.463, data_time: 0.004, memory: 5411, loss_rpn_cls: 0.0015, loss_rpn_bbox: 0.0180, loss_cls: 0.0368, acc: 98.5195, loss_bbox: 0.0306, loss: 0.0869, grad_norm: 1.2369
2026-04-10 22:28:31,550 - mmrotate - INFO - Epoch [32][250/462]	lr: 5.000e-04, eta: 0:17:01, time: 0.462, data_time: 0.004, memory: 5411, loss_rpn_cls: 0.0006, loss_rpn_bbox: 0.0182, loss_cls: 0.0407, acc: 98.3789, loss_bbox: 0.0314, loss: 0.0909, grad_norm: 1.2253
2026-04-10 22:28:56,699 - mmrotate - INFO - Epoch [32][300/462]	lr: 5.000e-04, eta: 0:16:37, time: 0.503, data_time: 0.003, memory: 5411, loss_rpn_cls: 0.0017, loss_rpn_bbox: 0.0224, loss_cls: 0.0452, acc: 98.1602, loss_bbox: 0.0325, loss: 0.1017, grad_norm: 1.2272
2026-04-10 22:29:19,587 - mmrotate - INFO - Epoch [32][350/462]	lr: 5.000e-04, eta: 0:16:12, time: 0.458, data_time: 0.004, memory: 5411, loss_rpn_cls: 0.0006, loss_rpn_bbox: 0.0154, loss_cls: 0.0339, acc: 98.5840, loss_bbox: 0.0279, loss: 0.0779, grad_norm: 1.1948
2026-04-10 22:29:42,317 - mmrotate - INFO - Epoch [32][400/462]	lr: 5.000e-04, eta: 0:15:47, time: 0.455, data_time: 0.004, memory: 5411, loss_rpn_cls: 0.0015, loss_rpn_bbox: 0.0153, loss_cls: 0.0368, acc: 98.5195, loss_bbox: 0.0301, loss: 0.0837, grad_norm: 1.3072
2026-04-10 22:30:06,275 - mmrotate - INFO - Epoch [32][450/462]	lr: 5.000e-04, eta: 0:15:22, time: 0.479, data_time: 0.003, memory: 5411, loss_rpn_cls: 0.0018, loss_rpn_bbox: 0.0227, loss_cls: 0.0442, acc: 98.2031, loss_bbox: 0.0353, loss: 0.1040, grad_norm: 1.3948
2026-04-10 22:30:12,165 - mmrotate - INFO - Saving checkpoint at 32 epochs
2026-04-10 22:30:48,319 - mmrotate - INFO - 
+-------------+-----+------+--------+-------+
| class       | gts | dets | recall | ap    |
+-------------+-----+------+--------+-------+
| R0402       | 366 | 394  | 0.932  | 0.900 |
| R0603       | 363 | 475  | 1.000  | 0.997 |
| LED0603     | 348 | 361  | 0.989  | 0.902 |
| R0804       | 771 | 789  | 0.999  | 0.906 |
| R2512       | 93  | 100  | 0.989  | 0.909 |
| CAP5053     | 27  | 27   | 1.000  | 1.000 |
| LQFP7070    | 21  | 25   | 1.000  | 0.977 |
| SOIC-8      | 48  | 56   | 1.000  | 1.000 |
| SOT-23      | 57  | 60   | 1.000  | 1.000 |
| TSSOP-20    | 48  | 60   | 1.000  | 1.000 |
| LED0603Flip | 69  | 71   | 1.000  | 1.000 |
+-------------+-----+------+--------+-------+
| mAP         |     |      |        | 0.963 |
+-------------+-----+------+--------+-------+
2026-04-10 22:30:48,389 - mmrotate - INFO - Exp name: oriented_rcnn_r50_fpn_1x_dota_custom_optv3.py
2026-04-10 22:30:48,389 - mmrotate - INFO - Epoch(val) [32][177]	mAP: 0.9629
2026-04-10 22:31:23,661 - mmrotate - INFO - Exp name: oriented_rcnn_r50_fpn_1x_dota_custom_optv3.py
2026-04-10 22:31:23,661 - mmrotate - INFO - Epoch(val) [32][89]	loss_rpn_cls_val: 0.0054, loss_rpn_bbox_val: 0.0267, loss_cls_val: 0.0523, acc_val: 97.9141, loss_bbox_val: 0.0466, loss_val: 0.1310
2026-04-10 22:32:00,002 - mmrotate - INFO - Epoch [33][50/462]	lr: 5.000e-04, eta: 0:14:52, time: 0.727, data_time: 0.250, memory: 5411, loss_rpn_cls: 0.0015, loss_rpn_bbox: 0.0152, loss_cls: 0.0354, acc: 98.6250, loss_bbox: 0.0261, loss: 0.0781, grad_norm: 1.1211
2026-04-10 22:32:25,581 - mmrotate - INFO - Epoch [33][100/462]	lr: 5.000e-04, eta: 0:14:27, time: 0.512, data_time: 0.004, memory: 5411, loss_rpn_cls: 0.0017, loss_rpn_bbox: 0.0193, loss_cls: 0.0421, acc: 98.2324, loss_bbox: 0.0368, loss: 0.0999, grad_norm: 1.2299
2026-04-10 22:32:48,215 - mmrotate - INFO - Epoch [33][150/462]	lr: 5.000e-04, eta: 0:14:02, time: 0.453, data_time: 0.004, memory: 5411, loss_rpn_cls: 0.0018, loss_rpn_bbox: 0.0162, loss_cls: 0.0406, acc: 98.3223, loss_bbox: 0.0310, loss: 0.0895, grad_norm: 1.1680
2026-04-10 22:33:10,819 - mmrotate - INFO - Epoch [33][200/462]	lr: 5.000e-04, eta: 0:13:37, time: 0.452, data_time: 0.003, memory: 5411, loss_rpn_cls: 0.0018, loss_rpn_bbox: 0.0204, loss_cls: 0.0440, acc: 98.2344, loss_bbox: 0.0365, loss: 0.1027, grad_norm: 1.3973
2026-04-10 22:33:34,406 - mmrotate - INFO - Epoch [33][250/462]	lr: 5.000e-04, eta: 0:13:12, time: 0.472, data_time: 0.003, memory: 5411, loss_rpn_cls: 0.0015, loss_rpn_bbox: 0.0143, loss_cls: 0.0348, acc: 98.5625, loss_bbox: 0.0266, loss: 0.0772, grad_norm: 1.0945
2026-04-10 22:33:59,572 - mmrotate - INFO - Epoch [33][300/462]	lr: 5.000e-04, eta: 0:12:47, time: 0.503, data_time: 0.004, memory: 5411, loss_rpn_cls: 0.0018, loss_rpn_bbox: 0.0187, loss_cls: 0.0356, acc: 98.5684, loss_bbox: 0.0277, loss: 0.0838, grad_norm: 1.1475
2026-04-10 22:34:23,517 - mmrotate - INFO - Epoch [33][350/462]	lr: 5.000e-04, eta: 0:12:22, time: 0.479, data_time: 0.004, memory: 5411, loss_rpn_cls: 0.0016, loss_rpn_bbox: 0.0167, loss_cls: 0.0478, acc: 98.0918, loss_bbox: 0.0348, loss: 0.1009, grad_norm: 1.4027
2026-04-10 22:34:47,757 - mmrotate - INFO - Epoch [33][400/462]	lr: 5.000e-04, eta: 0:11:57, time: 0.485, data_time: 0.004, memory: 5411, loss_rpn_cls: 0.0016, loss_rpn_bbox: 0.0199, loss_cls: 0.0435, acc: 98.2480, loss_bbox: 0.0373, loss: 0.1023, grad_norm: 1.2797
2026-04-10 22:35:12,600 - mmrotate - INFO - Epoch [33][450/462]	lr: 5.000e-04, eta: 0:11:33, time: 0.497, data_time: 0.003, memory: 5411, loss_rpn_cls: 0.0016, loss_rpn_bbox: 0.0126, loss_cls: 0.0348, acc: 98.6328, loss_bbox: 0.0293, loss: 0.0783, grad_norm: 1.2012
2026-04-10 22:35:18,633 - mmrotate - INFO - Saving checkpoint at 33 epochs
2026-04-10 22:35:54,945 - mmrotate - INFO - 
+-------------+-----+------+--------+-------+
| class       | gts | dets | recall | ap    |
+-------------+-----+------+--------+-------+
| R0402       | 366 | 386  | 0.934  | 0.901 |
| R0603       | 363 | 409  | 1.000  | 0.999 |
| LED0603     | 348 | 368  | 0.994  | 0.907 |
| R0804       | 771 | 788  | 0.999  | 0.906 |
| R2512       | 93  | 98   | 1.000  | 1.000 |
| CAP5053     | 27  | 27   | 1.000  | 1.000 |
| LQFP7070    | 21  | 25   | 1.000  | 0.977 |
| SOIC-8      | 48  | 61   | 1.000  | 1.000 |
| SOT-23      | 57  | 61   | 1.000  | 1.000 |
| TSSOP-20    | 48  | 51   | 1.000  | 1.000 |
| LED0603Flip | 69  | 69   | 1.000  | 1.000 |
+-------------+-----+------+--------+-------+
| mAP         |     |      |        | 0.972 |
+-------------+-----+------+--------+-------+
2026-04-10 22:35:55,022 - mmrotate - INFO - Exp name: oriented_rcnn_r50_fpn_1x_dota_custom_optv3.py
2026-04-10 22:35:55,022 - mmrotate - INFO - Epoch(val) [33][177]	mAP: 0.9719
2026-04-10 22:36:30,197 - mmrotate - INFO - Exp name: oriented_rcnn_r50_fpn_1x_dota_custom_optv3.py
2026-04-10 22:36:30,197 - mmrotate - INFO - Epoch(val) [33][89]	loss_rpn_cls_val: 0.0040, loss_rpn_bbox_val: 0.0275, loss_cls_val: 0.0523, acc_val: 98.0194, loss_bbox_val: 0.0449, loss_val: 0.1287
2026-04-10 22:37:06,854 - mmrotate - INFO - Epoch [34][50/462]	lr: 5.000e-05, eta: 0:11:02, time: 0.733, data_time: 0.252, memory: 5411, loss_rpn_cls: 0.0010, loss_rpn_bbox: 0.0184, loss_cls: 0.0379, acc: 98.5098, loss_bbox: 0.0293, loss: 0.0866, grad_norm: 1.2212
2026-04-10 22:37:32,458 - mmrotate - INFO - Epoch [34][100/462]	lr: 5.000e-05, eta: 0:10:38, time: 0.512, data_time: 0.004, memory: 5411, loss_rpn_cls: 0.0011, loss_rpn_bbox: 0.0135, loss_cls: 0.0363, acc: 98.5566, loss_bbox: 0.0295, loss: 0.0804, grad_norm: 1.2119
2026-04-10 22:37:55,239 - mmrotate - INFO - Epoch [34][150/462]	lr: 5.000e-05, eta: 0:10:13, time: 0.456, data_time: 0.004, memory: 5411, loss_rpn_cls: 0.0027, loss_rpn_bbox: 0.0188, loss_cls: 0.0472, acc: 98.2207, loss_bbox: 0.0341, loss: 0.1027, grad_norm: 1.5557
2026-04-10 22:38:17,817 - mmrotate - INFO - Epoch [34][200/462]	lr: 5.000e-05, eta: 0:09:48, time: 0.452, data_time: 0.003, memory: 5411, loss_rpn_cls: 0.0014, loss_rpn_bbox: 0.0159, loss_cls: 0.0426, acc: 98.2656, loss_bbox: 0.0316, loss: 0.0915, grad_norm: 1.1323
2026-04-10 22:38:40,868 - mmrotate - INFO - Epoch [34][250/462]	lr: 5.000e-05, eta: 0:09:23, time: 0.461, data_time: 0.003, memory: 5411, loss_rpn_cls: 0.0012, loss_rpn_bbox: 0.0114, loss_cls: 0.0323, acc: 98.7266, loss_bbox: 0.0246, loss: 0.0696, grad_norm: 1.0277
2026-04-10 22:39:05,916 - mmrotate - INFO - Epoch [34][300/462]	lr: 5.000e-05, eta: 0:08:58, time: 0.501, data_time: 0.004, memory: 5411, loss_rpn_cls: 0.0020, loss_rpn_bbox: 0.0166, loss_cls: 0.0424, acc: 98.3457, loss_bbox: 0.0336, loss: 0.0947, grad_norm: 1.3232
2026-04-10 22:39:28,633 - mmrotate - INFO - Epoch [34][350/462]	lr: 5.000e-05, eta: 0:08:33, time: 0.454, data_time: 0.004, memory: 5411, loss_rpn_cls: 0.0012, loss_rpn_bbox: 0.0178, loss_cls: 0.0357, acc: 98.5098, loss_bbox: 0.0294, loss: 0.0841, grad_norm: 1.1797
2026-04-10 22:39:51,414 - mmrotate - INFO - Epoch [34][400/462]	lr: 5.000e-05, eta: 0:08:08, time: 0.456, data_time: 0.004, memory: 5411, loss_rpn_cls: 0.0020, loss_rpn_bbox: 0.0171, loss_cls: 0.0427, acc: 98.2676, loss_bbox: 0.0334, loss: 0.0952, grad_norm: 1.2240
2026-04-10 22:40:15,490 - mmrotate - INFO - Epoch [34][450/462]	lr: 5.000e-05, eta: 0:07:43, time: 0.482, data_time: 0.004, memory: 5411, loss_rpn_cls: 0.0011, loss_rpn_bbox: 0.0163, loss_cls: 0.0402, acc: 98.3848, loss_bbox: 0.0331, loss: 0.0907, grad_norm: 1.2594
2026-04-10 22:40:21,336 - mmrotate - INFO - Saving checkpoint at 34 epochs
2026-04-10 22:40:57,948 - mmrotate - INFO - 
+-------------+-----+------+--------+-------+
| class       | gts | dets | recall | ap    |
+-------------+-----+------+--------+-------+
| R0402       | 366 | 388  | 0.934  | 0.900 |
| R0603       | 363 | 420  | 1.000  | 0.997 |
| LED0603     | 348 | 369  | 0.994  | 0.907 |
| R0804       | 771 | 791  | 1.000  | 0.997 |
| R2512       | 93  | 99   | 1.000  | 0.997 |
| CAP5053     | 27  | 27   | 1.000  | 1.000 |
| LQFP7070    | 21  | 25   | 1.000  | 0.977 |
| SOIC-8      | 48  | 55   | 1.000  | 1.000 |
| SOT-23      | 57  | 61   | 1.000  | 1.000 |
| TSSOP-20    | 48  | 55   | 1.000  | 1.000 |
| LED0603Flip | 69  | 69   | 1.000  | 1.000 |
+-------------+-----+------+--------+-------+
| mAP         |     |      |        | 0.980 |
+-------------+-----+------+--------+-------+
2026-04-10 22:40:58,028 - mmrotate - INFO - Exp name: oriented_rcnn_r50_fpn_1x_dota_custom_optv3.py
2026-04-10 22:40:58,028 - mmrotate - INFO - Epoch(val) [34][177]	mAP: 0.9796
2026-04-10 22:41:34,525 - mmrotate - INFO - Exp name: oriented_rcnn_r50_fpn_1x_dota_custom_optv3.py
2026-04-10 22:41:34,525 - mmrotate - INFO - Epoch(val) [34][89]	loss_rpn_cls_val: 0.0046, loss_rpn_bbox_val: 0.0270, loss_cls_val: 0.0512, acc_val: 98.0282, loss_bbox_val: 0.0478, loss_val: 0.1306
2026-04-10 22:42:13,922 - mmrotate - INFO - Epoch [35][50/462]	lr: 5.000e-05, eta: 0:07:13, time: 0.788, data_time: 0.250, memory: 5411, loss_rpn_cls: 0.0009, loss_rpn_bbox: 0.0204, loss_cls: 0.0394, acc: 98.3926, loss_bbox: 0.0351, loss: 0.0958, grad_norm: 1.2599
2026-04-10 22:42:40,143 - mmrotate - INFO - Epoch [35][100/462]	lr: 5.000e-05, eta: 0:06:48, time: 0.524, data_time: 0.004, memory: 5411, loss_rpn_cls: 0.0019, loss_rpn_bbox: 0.0198, loss_cls: 0.0392, acc: 98.3770, loss_bbox: 0.0316, loss: 0.0925, grad_norm: 1.2970
2026-04-10 22:43:03,973 - mmrotate - INFO - Epoch [35][150/462]	lr: 5.000e-05, eta: 0:06:23, time: 0.477, data_time: 0.004, memory: 5411, loss_rpn_cls: 0.0016, loss_rpn_bbox: 0.0186, loss_cls: 0.0410, acc: 98.3320, loss_bbox: 0.0323, loss: 0.0935, grad_norm: 1.1558
2026-04-10 22:43:26,609 - mmrotate - INFO - Epoch [35][200/462]	lr: 5.000e-05, eta: 0:05:59, time: 0.453, data_time: 0.003, memory: 5411, loss_rpn_cls: 0.0010, loss_rpn_bbox: 0.0137, loss_cls: 0.0427, acc: 98.3223, loss_bbox: 0.0296, loss: 0.0870, grad_norm: 1.2732
2026-04-10 22:43:49,610 - mmrotate - INFO - Epoch [35][250/462]	lr: 5.000e-05, eta: 0:05:34, time: 0.460, data_time: 0.004, memory: 5411, loss_rpn_cls: 0.0019, loss_rpn_bbox: 0.0146, loss_cls: 0.0359, acc: 98.6250, loss_bbox: 0.0264, loss: 0.0788, grad_norm: 1.0815
2026-04-10 22:44:15,772 - mmrotate - INFO - Epoch [35][300/462]	lr: 5.000e-05, eta: 0:05:09, time: 0.523, data_time: 0.004, memory: 5411, loss_rpn_cls: 0.0015, loss_rpn_bbox: 0.0193, loss_cls: 0.0391, acc: 98.4219, loss_bbox: 0.0312, loss: 0.0911, grad_norm: 1.2069
2026-04-10 22:44:38,496 - mmrotate - INFO - Epoch [35][350/462]	lr: 5.000e-05, eta: 0:04:44, time: 0.454, data_time: 0.004, memory: 5411, loss_rpn_cls: 0.0018, loss_rpn_bbox: 0.0138, loss_cls: 0.0397, acc: 98.4453, loss_bbox: 0.0332, loss: 0.0885, grad_norm: 1.2971
2026-04-10 22:45:02,252 - mmrotate - INFO - Epoch [35][400/462]	lr: 5.000e-05, eta: 0:04:19, time: 0.475, data_time: 0.004, memory: 5411, loss_rpn_cls: 0.0010, loss_rpn_bbox: 0.0169, loss_cls: 0.0386, acc: 98.4238, loss_bbox: 0.0313, loss: 0.0877, grad_norm: 1.1945
2026-04-10 22:45:26,297 - mmrotate - INFO - Epoch [35][450/462]	lr: 5.000e-05, eta: 0:03:54, time: 0.481, data_time: 0.003, memory: 5411, loss_rpn_cls: 0.0013, loss_rpn_bbox: 0.0142, loss_cls: 0.0363, acc: 98.5547, loss_bbox: 0.0273, loss: 0.0791, grad_norm: 1.1193
2026-04-10 22:45:32,083 - mmrotate - INFO - Saving checkpoint at 35 epochs
2026-04-10 22:46:08,894 - mmrotate - INFO - 
+-------------+-----+------+--------+-------+
| class       | gts | dets | recall | ap    |
+-------------+-----+------+--------+-------+
| R0402       | 366 | 390  | 0.921  | 0.897 |
| R0603       | 363 | 425  | 1.000  | 0.997 |
| LED0603     | 348 | 370  | 0.994  | 0.907 |
| R0804       | 771 | 791  | 1.000  | 0.997 |
| R2512       | 93  | 98   | 1.000  | 1.000 |
| CAP5053     | 27  | 27   | 1.000  | 1.000 |
| LQFP7070    | 21  | 25   | 1.000  | 0.977 |
| SOIC-8      | 48  | 54   | 1.000  | 1.000 |
| SOT-23      | 57  | 60   | 1.000  | 1.000 |
| TSSOP-20    | 48  | 53   | 1.000  | 1.000 |
| LED0603Flip | 69  | 69   | 1.000  | 1.000 |
+-------------+-----+------+--------+-------+
| mAP         |     |      |        | 0.980 |
+-------------+-----+------+--------+-------+
2026-04-10 22:46:08,968 - mmrotate - INFO - Exp name: oriented_rcnn_r50_fpn_1x_dota_custom_optv3.py
2026-04-10 22:46:08,968 - mmrotate - INFO - Epoch(val) [35][177]	mAP: 0.9795
2026-04-10 22:46:44,285 - mmrotate - INFO - Exp name: oriented_rcnn_r50_fpn_1x_dota_custom_optv3.py
2026-04-10 22:46:44,285 - mmrotate - INFO - Epoch(val) [35][89]	loss_rpn_cls_val: 0.0052, loss_rpn_bbox_val: 0.0253, loss_cls_val: 0.0513, acc_val: 98.0140, loss_bbox_val: 0.0456, loss_val: 0.1275
2026-04-10 22:47:20,890 - mmrotate - INFO - Epoch [36][50/462]	lr: 5.000e-05, eta: 0:03:24, time: 0.732, data_time: 0.250, memory: 5411, loss_rpn_cls: 0.0017, loss_rpn_bbox: 0.0180, loss_cls: 0.0462, acc: 98.1641, loss_bbox: 0.0347, loss: 0.1006, grad_norm: 1.2249
2026-04-10 22:47:46,369 - mmrotate - INFO - Epoch [36][100/462]	lr: 5.000e-05, eta: 0:02:59, time: 0.510, data_time: 0.004, memory: 5411, loss_rpn_cls: 0.0013, loss_rpn_bbox: 0.0187, loss_cls: 0.0418, acc: 98.3145, loss_bbox: 0.0337, loss: 0.0954, grad_norm: 1.3014
2026-04-10 22:48:09,578 - mmrotate - INFO - Epoch [36][150/462]	lr: 5.000e-05, eta: 0:02:34, time: 0.464, data_time: 0.004, memory: 5411, loss_rpn_cls: 0.0013, loss_rpn_bbox: 0.0178, loss_cls: 0.0416, acc: 98.3418, loss_bbox: 0.0336, loss: 0.0943, grad_norm: 1.2995
2026-04-10 22:48:32,364 - mmrotate - INFO - Epoch [36][200/462]	lr: 5.000e-05, eta: 0:02:09, time: 0.456, data_time: 0.004, memory: 5411, loss_rpn_cls: 0.0014, loss_rpn_bbox: 0.0212, loss_cls: 0.0408, acc: 98.3340, loss_bbox: 0.0350, loss: 0.0984, grad_norm: 1.3311
2026-04-10 22:48:55,470 - mmrotate - INFO - Epoch [36][250/462]	lr: 5.000e-05, eta: 0:01:45, time: 0.462, data_time: 0.004, memory: 5411, loss_rpn_cls: 0.0026, loss_rpn_bbox: 0.0187, loss_cls: 0.0386, acc: 98.4707, loss_bbox: 0.0303, loss: 0.0902, grad_norm: 1.1752
2026-04-10 22:49:20,631 - mmrotate - INFO - Epoch [36][300/462]	lr: 5.000e-05, eta: 0:01:20, time: 0.503, data_time: 0.004, memory: 5411, loss_rpn_cls: 0.0008, loss_rpn_bbox: 0.0161, loss_cls: 0.0373, acc: 98.5254, loss_bbox: 0.0321, loss: 0.0862, grad_norm: 1.2387
2026-04-10 22:49:43,384 - mmrotate - INFO - Epoch [36][350/462]	lr: 5.000e-05, eta: 0:00:55, time: 0.455, data_time: 0.004, memory: 5411, loss_rpn_cls: 0.0012, loss_rpn_bbox: 0.0171, loss_cls: 0.0373, acc: 98.4961, loss_bbox: 0.0295, loss: 0.0851, grad_norm: 1.2318
2026-04-10 22:50:06,108 - mmrotate - INFO - Epoch [36][400/462]	lr: 5.000e-05, eta: 0:00:30, time: 0.454, data_time: 0.004, memory: 5411, loss_rpn_cls: 0.0010, loss_rpn_bbox: 0.0184, loss_cls: 0.0392, acc: 98.3691, loss_bbox: 0.0300, loss: 0.0886, grad_norm: 1.1306
2026-04-10 22:50:30,144 - mmrotate - INFO - Epoch [36][450/462]	lr: 5.000e-05, eta: 0:00:05, time: 0.481, data_time: 0.003, memory: 5411, loss_rpn_cls: 0.0015, loss_rpn_bbox: 0.0150, loss_cls: 0.0331, acc: 98.6699, loss_bbox: 0.0279, loss: 0.0775, grad_norm: 1.1270
2026-04-10 22:50:35,955 - mmrotate - INFO - Saving checkpoint at 36 epochs
2026-04-10 22:51:12,458 - mmrotate - INFO - 
+-------------+-----+------+--------+-------+
| class       | gts | dets | recall | ap    |
+-------------+-----+------+--------+-------+
| R0402       | 366 | 388  | 0.934  | 0.901 |
| R0603       | 363 | 424  | 1.000  | 0.997 |
| LED0603     | 348 | 367  | 0.994  | 0.907 |
| R0804       | 771 | 789  | 0.999  | 0.906 |
| R2512       | 93  | 98   | 1.000  | 1.000 |
| CAP5053     | 27  | 27   | 1.000  | 1.000 |
| LQFP7070    | 21  | 25   | 1.000  | 0.977 |
| SOIC-8      | 48  | 56   | 1.000  | 1.000 |
| SOT-23      | 57  | 61   | 1.000  | 1.000 |
| TSSOP-20    | 48  | 55   | 1.000  | 1.000 |
| LED0603Flip | 69  | 69   | 1.000  | 1.000 |
+-------------+-----+------+--------+-------+
| mAP         |     |      |        | 0.972 |
+-------------+-----+------+--------+-------+
2026-04-10 22:51:12,540 - mmrotate - INFO - Exp name: oriented_rcnn_r50_fpn_1x_dota_custom_optv3.py
2026-04-10 22:51:12,540 - mmrotate - INFO - Epoch(val) [36][177]	mAP: 0.9717
2026-04-10 22:51:47,605 - mmrotate - INFO - Exp name: oriented_rcnn_r50_fpn_1x_dota_custom_optv3.py
2026-04-10 22:51:47,605 - mmrotate - INFO - Epoch(val) [36][89]	loss_rpn_cls_val: 0.0052, loss_rpn_bbox_val: 0.0306, loss_cls_val: 0.0480, acc_val: 98.1379, loss_bbox_val: 0.0426, loss_val: 0.1264
